x1,x2,x3,x4,x5,x6,y
-1.0,-1.0,0.2872690527335683,-1.0,1.0,0.22690105701674368,2.5830461282278403
0.2467595732074539,-1.0,0.6518855559056418,-1.0,-0.3151153316119464,-0.6060357156371339,6.027927215951751
0.44679441724955726,-0.9927830897591529,-1.0,-0.36968280813150434,1.0,0.8787889902898649,-1.3563837263788456
0.864056507531805,-0.04998787365115831,1.0,0.912492797290041,0.4398611995064161,0.9162337357984538,-3.706181638115061
-1.0,-0.012900476153614782,0.6991671735673199,-1.0,1.0,-0.07215813119447073,2.6758414254050407
0.4304213951485094,1.0,0.04539313717069282,1.0,-0.20373436265203698,0.7859928554270237,1.7073133418114832
0.3108346843372629,1.0,-1.0,-0.8286665319872559,-0.14531898717920216,-0.49784585980660756,0.39239900772344105
-0.6022165138401379,-0.36886217981479263,-1.0,-0.17387375387665027,-0.32944436043846237,0.8644872528620631,3.808705707809107
-0.29335936088296366,-0.6803214770089407,-0.257484329371218,-0.7073337631669054,-1.0,-0.8216616640686523,2.1370147227079204
0.8469698757715725,-0.41654843166877786,1.0,0.3366649837286914,-0.5360585078358235,0.7013941707694822,0.6618287587989036
-0.787401729964355,-0.02723216110402775,-1.0,0.5748521216179018,0.8228309348382349,0.5770021820674979,2.3910191365592306
-0.3080299718705575,-1.0,-1.0,-0.20785093429256274,1.0,1.0,3.7205948240164015
1.0,0.6064142084184566,0.012157634821384544,1.0,-1.0,0.2030432101509042,3.107397183298015
-0.23695521930172703,-1.0,-0.9156714757233373,-0.5724725542209732,-1.0,-1.0,2.4123324460278512
-0.3033542336036311,-1.0,0.00014776315723033853,-0.07081750469530843,-0.3135451165310409,-1.0,3.1159603733905343
-1.0,-1.0,-0.9615849226944537,-0.423029298341856,-1.0,-0.5791538536283917,-2.6067376307299077
-1.0,0.05522863090577046,1.0,-0.37601625056441806,-1.0,-0.4822181803726191,-3.1858935945138955
1.0,1.0,0.5876469406367097,0.6560076857731345,0.6955118413391461,0.9678137239437368,-2.1300196534126026
-0.9436221387268828,0.42417956766040404,-1.0,0.05050051022194535,0.8223796028241249,1.0,10.71445225665953
0.36506920200100323,0.3979057510410935,-0.19857230875402254,-1.0,-0.0250315425485228,0.08745029777880775,1.5121652294316852
-0.1380636484842696,-0.1667129965700055,-1.0,0.171988225838693,-0.047095818187444655,0.9696141307253303,6.5840549198043385
-0.5184515782890173,-1.0,-1.0,-0.6331944161906744,0.10016622152763643,-0.5783398160972428,-2.2055943102666324
0.35823705625512725,0.4974531720259976,1.0,-0.29004503059735265,1.0,0.8622825059699821,-1.7750909975805416
-0.41858449325245384,-0.7627056056010353,-0.15251780909104773,-1.0,-0.9986243406245211,-0.6913426240957838,3.9150959100864995
-0.07223416418766249,-0.309777014854691,-1.0,-0.5626111898366039,-0.6137893421014672,1.0,6.230599749956204
-1.0,-1.0,-0.7836753503980831,-1.0,-0.23515642960390626,0.019741662097992885,-4.25555077701919
-0.04519270118893104,-0.08636533474126745,0.8327657977406429,0.872203804667459,0.26811918726508355,-0.029664391872784357,-0.8038156685687444
0.755100299843669,-0.26615614728009895,0.2291536971149955,0.5102527440911999,-0.8633854808789941,0.5815351769745905,2.3696188123006943
-0.2987122595879877,0.21088927720159656,-0.7356377919397493,-0.27701263306625823,1.0,0.7543212181780152,4.310422288680378
-0.47410300153051543,0.2517934183128868,-0.27910892865152404,-0.1686064191084773,0.336122466102354,-0.27755874136107084,0.062262185939598536
-0.6815838886802619,1.0,0.9021544461616366,1.0,1.0,1.0,-4.357202259255775
1.0,1.0,-0.12454351123698947,1.0,-0.1943821342748936,-0.8090207433789179,5.573611373911019
-0.545817546562354,-1.0,-0.04813305193666273,-0.9587907046434742,-0.9340477299385801,-1.0,7.064724022491449
0.01735745369504893,0.7826565422427876,0.7618930366315417,-0.2542164221507044,0.00249384973564748,-1.0,1.0754744995272447
1.0,0.6489642832880653,0.637263185152096,0.8820680331448385,-1.0,-0.6779342228837486,6.839265412353935
1.0,1.0,1.0,1.0,-0.6372238664632426,-1.0,6.497303929645611
-0.9797231660180732,0.3466922745235509,0.39516200515158184,0.5293668027306591,0.11959546960254192,-0.8946873324057315,1.8552986033710994
0.18584640172496258,-0.7070255387874994,-0.8553026090048468,-0.9344386892179548,-0.2748166570313402,-1.0,3.9209234966967803
0.06001160075827214,0.5800583315523624,-0.6170218462414259,-1.0,-0.06677610815830518,0.6501538060295423,2.9927075340949405
0.1729666163836196,0.21380183893045412,-0.7619513910599804,-1.0,-0.37244996533298713,-0.09514834224232471,-0.8485558748278348
0.827666106823717,0.22462189881325362,-0.5903238758245473,-0.0756848165272701,-0.02097923814582739,-0.11501269637013678,-0.14794022559027853
-0.17005985988205263,0.3664381102120058,0.011666840949021262,1.0,-0.5662528756757083,0.6644374469976757,1.4671693096676983
1.0,0.7913405441894557,0.20143755916534922,1.0,-0.9184060187551703,0.062457065584367366,4.683869981898733
-0.0008211869488197188,0.1231864203220413,-1.0,-1.0,-0.3204028273365678,-1.0,2.116784230915307
1.0,1.0,1.0,1.0,-0.4060672166435805,0.9961330341836929,-1.2343317885588072
-0.25486302545837225,0.9506921297797212,0.12129727629245013,0.2130163026408276,-0.06633035960169131,-1.0,1.3106781557529337
-0.9900447226857971,-1.0,-1.0,-1.0,-0.6034616048515968,0.5277097786058278,-4.928018295632545
-0.7070285548683154,-0.4090059016551415,-0.20307162197734763,-1.0,-0.20996194618645325,0.9390732794666087,0.6879933143580738
0.341738161818671,0.5729372095657923,0.7134291103824173,1.0,-1.0,-1.0,4.617346056260086
-0.10383820092020857,-1.0,-1.0,-0.20805258765513868,-0.35259444254048866,0.21362822518762115,-2.020601079360113
0.7667600054213101,-0.6932235160040341,0.5185615743678463,-0.1035598505873766,-0.9255446285033357,-0.01800926994372598,4.178446863906362
-0.7969730325421472,-0.9476785508913703,-0.9925480724490461,-1.0,-0.7276810483539224,-0.9520154389160869,3.846981296171633
-0.7756849829421397,0.05414420597519887,-0.022817799663523528,0.4661529109832818,1.0,0.28920797976956414,3.015746685600763
0.5335411911981858,0.9474468175087621,1.0,-1.0,1.0,1.0,0.20996548309196372
1.0,0.4518250806138011,1.0,1.0,0.9815720461197366,0.03232665253213485,-5.484874403013695
-0.18576144743555545,-1.0,-1.0,-1.0,1.0,-1.0,1.8463983027208748
0.8125339259496064,0.49491788974538165,1.0,0.9035515584352299,0.3552427480255048,1.0,-4.933721990687163
-0.9008070608720636,1.0,-1.0,-0.026544787105223844,-1.0,0.5228491505635715,3.396131745629723
-0.4826842696759833,-1.0,-0.25445960251189703,-0.9414557824548346,0.6308652770064076,0.04375767754603732,-0.5199216255581851
0.6512444322263049,-0.15048028630163188,-1.0,1.0,0.5802410521336173,0.18314867118587563,-1.7677458656308822
-0.7480792511287976,-0.3797040664841374,-0.2544113495022095,-1.0,-1.0,0.6199790327823412,0.7818493223017187
1.0,0.9531783051922429,1.0,0.8941876774566035,1.0,-0.745896461253462,-5.013011232994694
0.32889320425204316,0.25149053017359213,0.8130745797960314,1.0,-1.0,-0.07826613103489871,0.6585693094786779
0.1979190091259932,-0.19377126871831846,0.05716920448055687,-0.8400272300196248,-1.0,-1.0,3.980188832157154
-1.0,-1.0,-0.8680973038361266,-0.8738758674073057,-0.7545486271406576,0.37760323250690353,-3.8966172255035487
0.41312881193797174,0.5974850191301186,0.04968956738464386,-0.952258192482973,-0.3631650843105405,-0.5158519671628174,1.0263391307419085
-0.5508932913288087,0.2277127384353288,-0.2714513330443693,-0.6533184066674658,-1.0,0.9446820091576985,3.5048427841369945
1.0,1.0,1.0,0.3992293009965744,0.6656940935169822,0.7490523189012481,-6.119240305824474
0.14454581071494238,-0.16534984062335545,-1.0,-0.6954291271463329,0.28682025350980433,-0.021565461023260346,-0.9539116692780985
-0.7124839596353807,-0.6248370527739973,-0.7468642628161224,-1.0,-0.6647295741615976,0.43470138089744836,-1.3055727384098412
0.8826640053832402,0.27674553860217294,0.45629794343556096,0.16477315687907435,1.0,0.6686370063745816,-2.1139954503423835
0.3420096496575108,0.691406907143824,0.12321173220860594,-1.0,-0.4982970093891564,0.522463767319028,2.0741653061036773
-1.0,-1.0,-0.23150971246292518,-0.6514078130343228,1.0,0.9468479451955454,2.3310748329403634
0.10091744281219972,0.8790261949564789,1.0,0.3003964530142712,0.02168216304512649,1.0,-2.44549340588582
-1.0,0.04279432707239985,1.0,1.0,0.22289712504438322,-0.29042486347818486,-1.3236983148636896
-0.1259782856958583,-1.0,-1.0,-0.7949244536397059,-0.2557188515916224,-0.18199949478579275,-2.493322927528069
0.7301436191627738,1.0,0.997429575989101,-0.19866534572378014,-0.9261395455220384,0.669203658015851,-1.454537462346
1.0,1.0,-1.0,-0.7702229197245256,-0.12962635718458654,-0.18542117507862532,3.8224915958021217
-0.1005104285721656,0.024684806718805907,-0.6442766444982551,-0.5011911910509056,1.0,0.5689703199691505,1.2396104926028486
-0.4696996229160335,-1.0,-0.22031264802716444,-0.5420097409397902,-0.631721842236598,0.9149944656633335,0.9842455725806191
0.834172399729614,0.6153554827114509,-0.5524252597601018,0.3165521817196191,-1.0,-0.8443225801989185,3.743790484099808
-1.0,-1.0,-0.9675772711920094,-1.0,0.8415866201390809,1.0,-1.9218682502095792
1.0,0.0508627610489103,0.9436308033382336,1.0,1.0,-0.37071214072158565,-3.342272424569717
0.41235684994331745,0.3350324201623156,0.02824002557745442,0.12782976633090914,-0.7396633188865029,-1.0,2.3094131784650616
-1.0,-0.09027913561499923,-0.39480785647349037,0.07577205891014874,0.3307296340653254,0.48690809127266843,0.8421340634850673
0.2403114325582879,-0.5305915905315193,-1.0,0.7772730841655924,0.8355607012679229,0.6680405174801558,1.04467798788305
0.1339048432644141,1.0,0.2491447952669601,0.12606272338995517,1.0,0.32033406062687475,-0.0973973457104762
-0.6734525122807518,-0.37095618450958323,-0.7003208316223293,-0.8283963181383505,0.1251728159108362,1.0,3.9024153528525893
-0.7621799933655949,-1.0,-1.0,-0.14075206835742393,-1.0,-0.8123079869318436,-0.8350375580000395
0.22924569363820058,0.18738946748838692,1.0,0.4101617109205902,1.0,0.4852914576756078,-2.447872749418582
-0.2741048503621555,-0.4216337990452732,-0.1604680388292017,0.4786973430008901,0.5115286873403131,1.0,2.82667296799377
-0.24151233400895622,-0.6144191311607883,-0.41191197789503287,-0.5783448765571995,1.0,0.0339436627713281,0.8057820567539005
-0.3592263057409433,0.7728653937080339,-1.0,-0.08893188523201356,-0.9492378675267528,-1.0,0.9741581769908668
-0.7982928312903348,-0.29778685102606706,-1.0,-0.2909715686244067,1.0,0.8950390235253056,5.402797548986383
0.6254532628148112,-0.2838640578802004,1.0,0.3877795822600612,1.0,-0.05921310049157552,-2.274837777833397
-0.24045064381616887,-1.0,0.64056705591807,-0.8265717408283899,-1.0,0.08532937149722142,4.700336719358368
-1.0,-0.5018732050572393,-0.8444985635241775,-1.0,-1.0,-1.0,2.911437011738164
-1.0,-0.6553719999213223,0.5691136105439193,-0.3258943095188326,1.0,0.6505208569374363,1.7936221603713274
-1.0,-1.0,-0.4373941336377789,-0.009561546305915991,0.818603364028447,-0.29244724000886657,1.830015582950225
-0.321731787806373,1.0,-0.25293927060906674,-0.16515117948767682,0.0697626367628994,1.0,5.634722011925966
-0.4863098628310639,-1.0,-0.5192438671208259,-1.0,-0.2679683177556005,0.10378970311203747,-2.9213170504120525
-1.0,-1.0,-0.5174827964938974,-1.0,-0.11130607214543398,-0.6923247958619512,0.2527515445047215
-1.0,-0.5332378090685859,-0.6948086268446402,-0.143853314172184,-1.0,0.2939816063102017,-3.407690700628801
0.9000883109000969,1.0,0.6016453196741558,0.5573348428066338,1.0,-0.16930268052843922,-3.5307285522048244
0.9360900125503584,0.45771963919106284,-0.07764363219037806,0.45801728611981213,0.03596149446172303,-1.0,4.222829013613757
0.937621869146301,1.0,1.0,0.16533573427858106,0.35110917927651064,1.0,-4.715203627523275
0.5001247447431068,0.7911267498894765,-1.0,-0.28899097309011207,-1.0,-0.40506082583239167,0.6693980003792702
1.0,0.1532488214287746,-0.7434924354290531,1.0,-0.4487613514046126,0.0684647751297216,1.9519264301536094
0.4181906463789662,0.8952952663191369,1.0,0.1471124175292859,-1.0,0.14666814660237582,-1.2543574211535355
0.9284012807488394,0.9810498603160844,0.85195244412677,0.5865850272313654,-0.3922434450926918,-1.0,4.593876425966656
-0.3558512098382426,0.9747783308171376,0.737809970400591,-0.5618436522323073,-0.3100205294962922,-0.3561465680050764,-2.1366464446026914
1.0,0.13261693877107672,1.0,0.801933975688921,0.03562066987421755,-1.0,3.404648285269123
-0.8043538610537443,-1.0,0.4238333102496988,0.4295902402967024,-0.14550898197728057,-1.0,4.347913409616671
-0.5395823684848754,0.2576833389991839,-0.0828155477835123,-1.0,0.7813634754575913,1.0,5.209367814035205
-0.7127422409077083,-1.0,0.06666185616437925,-1.0,-1.0,-0.37420655787767987,5.39255259748315
1.0,1.0,-0.830126523180073,-0.16335289121425445,-0.8468090020687145,-0.09019515118096892,4.646269686818931
1.0,-0.22183488951130237,0.11581033814026942,1.0,-0.9927542422072191,-0.3371498558774342,3.8020525940130123
1.0,0.03827092071692764,0.4610346926473111,0.7775286259690934,-1.0,-0.04742617825036555,3.6258524171996735
0.8128057590343503,0.6402576862879863,-1.0,0.4590558789665878,-0.5152834314220608,-1.0,3.5634153512257
0.6796214943759241,1.0,0.31761894824692627,0.018209387194520144,-0.08979294175876462,-0.3398549370425201,-0.9264340119518727
0.07136305721000913,-0.9708131858973423,-0.7392775246365121,-1.0,-0.3040770987979727,-0.23584961938393556,-1.1831498426508
-0.8965648194019242,1.0,1.0,-0.15518821453389497,-1.0,-0.1411003626731996,-6.072509408140382
-1.0,-0.8944613552500627,-0.10360195975816788,-1.0,-1.0,0.027459107256062543,1.0959189659786457
-0.0887147671986028,-0.004426108161252329,-0.5977422201888732,-0.822215575065339,-0.23711985837597194,-1.0,2.603823988407348
-0.38688226770819484,-0.6834017939444758,-0.32771323376427186,0.020256164343305683,-0.9271210129231396,-1.0,0.6514637109676608
-0.06550797260206948,-0.9987039777730592,-0.4627993422893602,-1.0,-0.5958191966750972,-0.8474667353626997,4.119604366864383
-0.264423958833488,0.10744673114274095,-1.0,-0.8899644717321125,1.0,1.0,7.7282399321684325
-1.0,-0.9027869541672957,-0.21471680800380044,-1.0,-0.20355395450563207,-0.4138441381029132,0.756019723133668
0.8842821921065567,0.8640536640833987,-0.7338562977577844,1.0,-1.0,0.3298477078601963,7.225821926840878
0.44360175896156884,0.02106019275693516,-0.12341418199058518,1.0,0.5165681754211499,-1.0,1.8343940156578735
0.4893635738661558,0.2498729681965619,0.16592873799451757,1.0,-1.0,0.6148467087848827,2.25192594769372
-0.6059475365423501,-0.7583516907885169,0.018156861185721962,-0.5249149435916514,-0.8396042003080064,-0.9960302498476163,3.2602225480338447
-1.0,-1.0,-0.6628109274347568,-0.8083507423287368,-0.38265638703203,0.7047513459805107,-4.30008692223077
0.4823467663261797,-1.0,0.7040285536286421,-0.9626443958442386,-0.37598493789591103,-0.7154193214402009,7.737049256547874
1.0,0.15183946377495072,0.13618171792150846,-1.0,-0.6892516697087295,-0.4146597153211613,3.7066421764506416
0.7659001510802507,-0.38813699378450955,-0.03804587953877786,-0.5758129091153246,-0.03006537485345029,-1.0,5.908713441607627
-0.6932194600052821,-1.0,0.43758838939912315,0.3825633096733197,0.4651889663508859,1.0,2.4354762067684455
-1.0,-0.4084778466054342,0.4661550645558399,-0.75295303748609,1.0,1.0,3.4006290714078613
1.0,0.2418263510643479,-0.6370905341940303,0.9595395041324398,1.0,-0.9010506418357019,-3.3982642100492173
1.0,1.0,1.0,0.5615419598635276,0.15699597090476433,-0.8569271880470831,-0.021127645496595793
-1.0,-1.0,-0.45433024977313186,-0.6232614323402008,0.6263436466855459,1.0,1.0423275193733321
0.807985700170473,1.0,0.4942345823506523,0.7016604743782292,0.3904119481474386,0.07519760824525568,-1.3665259427113812
-0.3478753426891782,0.6123746074600167,1.0,-0.05153907223143339,-1.0,-0.3109252840602943,-2.4196924965942097
-1.0,-0.831349238155906,-1.0,-0.24852967307811635,-0.2784610105663856,-1.0,4.287691847331796
1.0,0.7908865570159738,0.5856312649663125,1.0,-1.0,-0.27622500525879995,5.267213005161906
-1.0,-0.017777174063166257,-0.048563346694547316,-1.0,-1.0,-1.0,0.39632430001013413
0.24892336021898887,1.0,0.05691410695927912,1.0,-0.29059285261064355,1.0,3.104406159301611
-0.7002639567348076,-1.0,-0.5187786491705859,-0.4572305527805019,0.1863527845500551,0.06288197210920057,-0.41712761375607377
-1.0,-0.5602453921012336,0.15838020764465438,1.0,1.0,0.6606611556910651,2.304227192997949
-1.0,0.10788690970313075,-0.6840040001615044,-0.5107153106477912,-0.9348314131696646,-1.0,-1.1959863885963125
0.9575607613520576,0.04620661762719713,0.9684077301628242,0.31491968675939463,0.040698360384522236,1.0,-2.265260465012804
-0.010610511395153344,0.49321892769047126,1.0,0.4524218662167029,0.4159765799183834,-0.4904280696490159,-0.8575686295163945
0.5405625159613138,1.0,0.49455040233912256,0.9449079939980174,-0.7340037877174105,-0.9323134462278446,5.621825064369134
-0.9558614476972538,-0.3289366603425874,0.4925014890253927,-0.41876384093164065,-0.37219704332577086,-0.9219886702325222,2.0703329809272777
-1.0,-0.6890457447175654,-0.6601123356204348,0.7038978566820459,0.23837161993617562,0.5382582341571707,0.23584295685122703
0.2851121662140076,-1.0,-1.0,0.1131298521859723,-0.4315526650803949,-0.28162915307613545,-1.7653498626714343
-0.8401522183256727,-0.5091828892030039,-1.0,0.11085162238620061,1.0,0.06829731717632298,-1.4438357682027336
0.9185250958749009,0.20612986045367898,0.0245960206665381,0.23424387892942589,-1.0,-0.13405100367975742,2.5665915670143424
0.5048558036944335,-0.6123132835242379,-0.7349988374165588,0.8646311501352556,-0.917406480800693,-1.0,3.7056697596105237
1.0,1.0,0.9178827258675963,0.5369399098900038,-0.0793458685330336,-0.29544862744651346,-0.03805062083471378
-1.0,-1.0,-0.8553534061987395,-0.6425988907939079,0.40798422078863616,1.0,0.49263910571803277
0.8215741412339468,1.0,0.8627138930516811,1.0,-0.08852254881555288,-0.8819338338466453,2.3674658523899432
-1.0,-1.0,-1.0,0.6764836891251919,-1.0,-0.4995464651701764,-6.314246340207615
0.12075906270289866,-1.0,-1.0,-0.17222943942187685,0.6863180701355278,0.4686754321453561,-2.6344986513601074
-0.5238197191621152,0.6903275779789845,-0.4884529578053072,-0.562048580466478,1.0,0.767571586145452,6.854864659957603
-1.0,-1.0,-0.3208202097315278,0.03502500561281402,-0.09707395402964344,-1.0,4.741681094477187
0.21782550676894363,-0.5454246340147955,-1.0,-1.0,0.17618498001045468,1.0,2.411811209525683
0.7023064396762706,1.0,0.08397843197180799,0.10082888998105766,-0.6941206657232244,-1.0,4.632933540215649
-1.0,-1.0,-0.5500365133858769,-1.0,1.0,-0.7954665910056582,2.5305182556737718
0.5591591620938307,-0.5603600946571428,-0.47891076363508145,0.1945427842005803,0.11889576203001595,1.0,2.1069726802682998
-0.5997717804207872,-1.0,-1.0,-0.259980821346419,0.27912573339517427,-0.8276398136205065,0.9670420130574007
0.15676285727016148,-0.9497111930087851,-0.07827787958227805,-0.36451464096319963,1.0,-0.2143597123356883,-0.03130588408796492
0.8009432421703632,-0.3340113632807619,-0.6379672831928433,-1.0,0.6679235241448644,-0.25358491642725,-1.0323269758790383
-1.0,-1.0,-0.20684030815423204,-0.5801329136933313,-1.0,0.09071958083149828,-1.6092961290885426
-1.0,-0.06513995058721145,-1.0,-1.0,1.0,-0.06756130560693617,-0.8160209996498937
-1.0,-0.6168994147164117,0.6645403145579285,-0.33350297229835213,0.007151092031818185,-1.0,5.194428777557048
-0.4549834542477107,-0.2570098901853317,1.0,0.146512911953794,-1.0,-0.10763555229390098,-1.8398028247644433
0.553450188631996,0.9244649792465757,0.4351537171920333,-0.30442592094833176,0.10127345193339421,-1.0,0.6296870668631412
-0.7094569071933043,0.12219983827522007,-1.0,-1.0,0.21819120386029697,0.22036254648603648,-0.9591304047002088
0.31925262605321514,0.3070775516890485,-0.11539206648772538,0.3955515885952616,0.1017303879746625,0.44269354990592913,0.16206179925915415
0.40057853280908073,0.024504169294680134,0.33560073179531424,1.0,0.8071888265383368,1.0,3.226447154735321
0.2424797083270842,-0.7781541514875211,0.35315511779638853,0.8433391609617806,0.6453326595321187,0.1482977423420222,-1.2150195881709014
-1.0,-1.0,-0.6549389455809955,-0.1455499162944638,-1.0,-0.6223728315085115,-3.072197326600582
-0.33230554179011895,0.12466105526071336,-0.17198288126466652,1.0,-0.30791644651458083,-0.5925476182711049,0.8016025685622326
0.741952362671154,0.3403979587768076,0.7399139033245181,1.0,-0.7779616811245722,-1.0,6.785908926385654
-0.07533519658463961,0.48951301402990766,0.9897449746836801,1.0,-0.29362714888851765,0.7656724867775292,-2.602714244886591
-0.1891622791669535,0.6650571797165084,-0.8353096538635708,-0.09050693593877601,-1.0,-1.0,0.36743554905983083
0.6380738309399485,-0.24962514940932407,0.7916145503050305,-0.8728841846608275,0.3841791499200873,1.0,-2.0305797904276894
0.17411952537105235,0.3740260472970769,0.003196128977748791,1.0,-0.158269569210856,0.18660340894949137,0.4245095869484291
0.3137461619359132,1.0,1.0,0.43555510462821934,-0.722133706500269,-0.45426359505040886,-1.0220824451035788
1.0,0.9834789816561137,1.0,0.60334873219013,-0.49293794949752,-0.8013043530893681,3.697027029639484
1.0,1.0,1.0,1.0,0.8183800975472597,-1.0,-5.181241227057307
-1.0,0.3406829018129625,-0.03208105681406456,-0.46005860280833033,-0.24058618734236042,-1.0,1.956200081088722
1.0,1.0,-0.5385747127514046,1.0,-1.0,-1.0,11.202720107956704
0.7100841294534238,0.7865582020266064,-0.3365899032218544,0.5117251322039693,-0.1205802837056753,1.0,4.997874249317694
0.309455623366441,0.8229315228859788,1.0,-1.0,-0.672160050537814,-0.7499448213373909,-1.0207899704275651
0.21899428434891255,1.0,0.9556342492946028,1.0,-0.15764843248900218,-0.9661801817700719,0.01119832889912431
1.0,1.0,0.6630137208667527,1.0,-1.0,-1.0,10.47442173257984
1.0,1.0,0.713670947541563,0.5734713021593398,0.39258134767701336,1.0,-3.4192648101638987
-0.6516938397320536,-1.0,-1.0,0.3451160674910365,-0.6905125800178135,-1.0,0.6933401438587286
1.0,0.663535525255917,1.0,1.0,-0.224858991255391,-0.7641833556978377,3.3009796362450694
0.7073117505694585,-0.18367743178764095,-0.34751580870469556,0.41569353436965106,-0.43462060481878056,-0.4538839870286862,0.8094917218715825
0.7955916883581107,1.0,1.0,0.9733215488219775,-0.6113039375600067,-1.0,4.6266278414992765
-0.767437671070084,0.15120073357595282,-0.9738218157540661,0.9821082720051088,-1.0,0.8820224904209855,1.1519395216728725
-1.0,-1.0,-1.0,-0.48915967001427973,0.3869832900357092,-1.0,3.8655383719650596
0.13450613279330914,-0.6028580619659796,1.0,-0.6973548384623978,0.652486689063978,-1.0,2.8707068170550456
0.6530260314049042,-0.7724788014587307,-0.07181176384609295,-0.9383151406252881,-0.09479086325087349,-0.506518442197353,2.757650492943003
-1.0,-1.0,-0.04887885720251295,-0.7103128486510768,1.0,0.29104236438245024,1.981514811439262
1.0,-0.17321420124699605,0.10674966685186321,-0.1240944383233204,0.9233940242435148,0.5045574692799166,-3.3314216568581494
0.41965392653619016,1.0,-1.0,-0.36123841598298967,0.03216608050966996,0.5051979656615282,4.768528071163791
-0.10087668493019664,-0.24455991067784577,1.0,-0.15624960441224478,-0.062222070593599715,-0.007896493364685656,-0.8103007784811503
-0.13898319169085016,-0.6835653063675259,-1.0,-0.2701144149551372,1.0,0.5959001690098816,0.20922725110375273
1.0,0.39763582227197825,1.0,1.0,0.0037479745830403255,-0.5953385186159643,1.767210069267297
0.4396555032132903,0.39614726451653515,0.16484332347223907,1.0,0.6709540361193985,-1.0,1.6946472954778962
-1.0,-0.24860310879608272,0.8351593366643655,-1.0,-1.0,-0.5550187012683824,-0.06705793146966604
-0.23425273417544973,-0.5273244522458258,-0.5443813213833064,-0.8269260487206804,-1.0,-0.8782517394392316,2.561850818300473
-0.8710355457697074,0.15357785890763753,-0.3391980018743106,-0.31573461877881714,-0.15050800254202784,-0.8699386713764903,1.4411578812879853
0.01521959958000163,-0.1939236696443455,-0.4973028810352266,-1.0,-0.8568515882690233,-1.0,2.24113583211141
-0.45020247508506234,-0.3639014310610621,0.5345365951790703,0.9086850431576172,-0.33382564402179793,-0.4997209026024474,-0.579073375316226
-1.0,-1.0,0.20605346783218056,-1.0,1.0,-0.6695273786400391,7.33873179332673
0.8083211252140678,0.813706748717712,0.767988327227384,0.5408343514376086,0.925803761482647,1.0,-2.2284023123235936
-0.46655843942463393,1.0,1.0,-0.6155326080747964,-0.3538348685489916,-0.8189124531433304,-4.351413114284841
0.33037671542544383,0.8710135842315692,0.8785861576239246,1.0,-1.0,-0.8078959515550788,2.7693725200548287
-1.0,-1.0,-0.6633744821828281,0.2861298916236832,-1.0,-0.5695089542668916,-3.3431302937999963
0.5772716111457381,1.0,0.7757907603049423,0.648717235460564,0.20302874321556658,0.27695819811405487,-3.224438968015443
1.0,0.5794127864093268,1.0,1.0,-0.08955103288428456,0.850921270246834,-1.5949394687329475
0.12992689899930077,0.04418267611957383,1.0,0.8276655672835821,1.0,0.8684147841463481,-2.052461776040566
0.315281725544847,-0.9228925694558123,-1.0,0.44211276913436554,0.7188023087107326,0.16673318341519971,-2.183670956350946
-1.0,-0.5730171176828055,-0.8491439834011825,-1.0,0.25546414991815736,-0.7143557783223841,0.9360408400102518
0.13233729283307183,-1.0,-0.8220013785721138,-1.0,-0.6366698137189609,-0.4703321262747888,1.8874759130901968
-1.0,-1.0,-0.1590447797644507,-0.26582361599553883,-1.0,-1.0,1.308069066372524
0.9606487072537467,0.6514439552845295,-0.06904741607585696,0.31500937222640785,-0.4044221689802392,-0.4637385673193011,1.4972534894531981
-1.0,-0.20693119484411993,-0.06244303414653929,-0.6931328836409734,-1.0,-0.838430068566303,0.03575013943967409
-0.20614725264436962,-0.30999328163545936,-0.8509244349328631,-0.9400124087647169,-0.4122794423012842,1.0,4.087489755994989
-0.8813519670642598,0.6148093220208314,-1.0,-0.6620512661883515,-0.5633467827159897,0.5532483360833707,2.7754100870141603
-0.8402775826262829,-0.8201605871860036,-1.0,0.3968843774434906,1.0,0.9163561645462032,4.614366863415819
-0.7643532839913265,-0.003950612769666906,-0.2082903649816938,-1.0,-0.40746588187282906,-0.4879919472053281,-0.18033819608949292
-0.3062672904565671,-0.769817176003839,1.0,-1.0,-0.9501712124010468,-1.0,5.5170161330355
-0.038916672733581015,1.0,1.0,-1.0,-0.8939936142216149,-1.0,-3.6536349974580977
-0.7725377679439975,-0.23611961243542368,0.49829519656450105,-1.0,-0.6195040194114099,-0.4252834006217446,0.7141786444577379
0.12255253418004819,1.0,1.0,0.5975691542332644,-0.6617241706299652,-0.49180096958288133,-1.2031482061588699
-1.0,-1.0,-1.0,-1.0,-1.0,-0.7857141091003936,2.3632470990615744
0.4411975681387688,0.42383155221096586,-0.9453565729686526,-0.06212847284609513,-0.2446566979430198,-0.9141136349476786,0.8128648965466554
-1.0,-1.0,-0.2796137809210908,-1.0,-0.2500261117978556,0.31954185090242265,-3.425705824619891
0.36641818284978633,-1.0,0.41324413010994776,-0.37446540683560997,0.14933888673850076,-0.34313003273802567,2.051785276113303
1.0,-1.0,1.0,0.6434700843339073,0.6852631595549316,0.24029325360426934,-1.2237022726053821
0.225826299137299,1.0,0.7201261351246018,1.0,-0.47527856083197173,1.0,-0.5029927634746562
-1.0,-0.19648737864422783,-0.23372589915835063,0.5106244234908774,-0.9569208897245707,-0.79606919472366,-1.7598318254839966
-0.9876224665934068,-0.2498368941255295,-0.17347781702680976,-0.03998396007869087,0.9407862313082898,0.7707621408598297,3.9910711095926326
-1.0,-0.752478918329305,-1.0,-1.0,-0.9740821407452743,-0.29976428368115865,-0.7681954016608514
1.0,0.8439130726587398,1.0,0.41436563580871655,-0.7570645792861593,0.8464095237549981,0.9974961188550537
-1.0,-0.1350874085865713,-1.0,-1.0,-0.7302715631220231,-1.0,3.3386750401540635
1.0,1.0,0.708557896111861,-0.26897316452591014,-1.0,-0.3985660341047277,3.103806020860344
0.4234600898132418,-0.4686788650714022,-0.7808155387662472,0.7679012358894219,0.5793097093107616,0.8179903895519921,2.530129457421327
0.5398973046843429,0.4104997831545447,0.07639116577477179,1.0,-0.6398377458491906,-0.10360383058297995,1.1144606525626084
0.2320308189870407,0.5143425752886758,-0.8484390475511816,0.46077014851422116,-0.8250790931636856,-0.03988235795956924,-0.4982460446615393
-0.17809111420619583,-0.32089348829087716,-0.6073672851871518,0.15906759672834853,1.0,1.0,5.050470372444561
-1.0,-0.4243367539186685,0.029705119553873227,-0.7414273279141864,-0.06757168873708286,-0.46311118169594523,1.0466265254432319
1.0,1.0,0.6536249436696544,1.0,1.0,0.9549066073028416,-6.035460905939969
-0.4370431747343759,0.06462465339820933,-0.17799066421587295,1.0,-0.8024313972087408,-0.7920962920846665,0.3517195438648292
-0.3237081102062614,0.4238492080470272,-0.7244532922526854,0.007719308528896598,-0.42332603144581776,-1.0,0.9292684056062837
-1.0,0.43245818339976966,-0.16854564517438786,-1.0,0.43661326871728523,-0.2677587859853773,0.49449664718394104
-0.14241148235980072,1.0,1.0,1.0,-0.16577295866425912,0.30074961265052474,-5.071574216500853
-0.31547165506905905,-1.0,-0.03134865860521252,-1.0,0.9111238668930962,0.03385259926270612,2.1644616718168654
0.33966654417921194,-1.0,-0.9394292159887966,-0.3485912787857013,-0.8069847715052342,0.860346282837543,1.8281622512336089
-0.41108924896747534,-1.0,-0.4252890138349553,-1.0,0.5761071346066597,0.4369928889881898,-1.9415199181217997
0.27294068083142464,-1.0,-1.0,-0.7163800982657134,-0.40644541374231963,1.0,2.9396489303050903
-1.0,0.4814793670799641,-0.5349527699629969,-0.4921809686097305,0.3906210599511711,-1.0,4.438053252970595
-1.0,0.6652387085199769,-1.0,-0.7727121449428437,0.2218313534510306,-0.5255299438587432,0.6565871716906622
-0.6207517197823879,0.16625524981487128,-0.43418809519801316,-0.22980313947975967,-0.5760725584752231,0.5580847496175656,0.12678172449641772
0.015198332632464784,-1.0,-1.0,-1.0,-0.1647386776837113,-0.6742193103305396,-0.13909369557522544
0.6317348536600718,-0.8419936112554021,-0.048982815558968745,1.0,0.7917151194576282,1.0,4.0547987241040016
0.3126199845595027,0.1986905973979285,-0.6741194051790766,-1.0,1.0,0.1826379067051772,1.2852088067840497
-1.0,0.2812398773293818,0.1201062670549554,1.0,-0.082867878110022,0.28007430167732045,-0.5732547693096932
0.4140646041439145,1.0,-0.1951878071406698,0.7906443247901844,-0.6274105608498781,-0.48043977103534385,2.5179334109605174
-1.0,0.12623031254929667,0.6396514728752728,0.19285829214337719,-1.0,-0.8795476260127258,-1.288386437999021
-0.8999051720089153,-0.3401651713810022,0.31630420401206577,-0.8294464350994303,-0.7507645653974064,0.194736583808244,-1.8089298115420043
-1.0,-0.6037064893889434,-0.8476823637281508,-1.0,1.0,0.47205249826826745,0.4017402674956454
0.1701042242949542,0.9867450933341633,-1.0,-0.25831793234574696,1.0,1.0,10.78910751250826
-0.5342273129266115,-1.0,-0.6251966689096224,-0.10847380827912562,-0.736368956459021,0.5838589831513896,-1.7676336755464817
0.5974852794804391,0.720589274368219,1.0,1.0,-1.0,-0.3458666323323438,2.7199341620236295
-0.12878478076729494,1.0,1.0,1.0,-0.4552023163122786,0.6911919948470194,-3.242238773058503
1.0,0.49223696983052556,1.0,1.0,-1.0,-1.0,8.247773008894073
1.0,1.0,0.24426822979669005,0.16171167176647794,-0.7386499392516891,-0.0741954548160522,2.0652624768001284
0.5961791504381129,-1.0,0.4492040542320246,-0.5824962172562282,0.5769250300112219,1.0,-1.0955165068585992
-0.9011275802427197,-0.12124504021359722,0.3818212226358405,-1.0,-0.32514286167525164,-0.2734112727533845,0.409886915009116
1.0,1.0,0.3238384430859589,0.2843689589801015,-0.19091322282657486,-1.0,5.373981674676783
0.1379840453641935,1.0,-0.6416174729909683,0.13073910046893478,-0.679221221106188,1.0,8.088062984322914
-0.6978980831294046,-1.0,0.4024487213918327,-0.07509981910530922,-0.6477036606199935,-0.06498590624588618,0.17387369713127548
-1.0,0.21133076939318277,-0.2253743553801933,0.4956114538965489,-1.0,0.7256812265430608,-1.7609612879740988
-0.4336094770243529,0.4035371067623652,0.14769517630850526,0.22614842907568516,-0.5696815442687805,-1.0,1.9327920767982474
-0.45612061040338503,0.29402143093373395,-0.808602245321965,0.9491806215968717,-0.9600809803050063,-0.5335747923340634,-0.9088232983043047
0.1708173512004385,0.7982884435663475,0.9672093766275635,1.0,-0.32322364185108843,0.577320471369887,-2.0573682049686566
-0.14820663575837778,-0.48862427351965687,-0.5728357459718747,-0.8730653486208725,1.0,1.0,3.531315398315132
0.617099187837572,0.5758559863873541,0.674604372386142,0.6431900411559295,1.0,0.6278739561603321,-2.693194537194907
-1.0,-0.14353963688124427,-0.06950527829239572,-0.4505110754566737,-1.0,0.03863382008579119,-1.5641067534797068
1.0,1.0,0.5919341461041131,0.7169197895958469,0.44125006137180545,-1.0,2.1545332324289554
1.0,-0.37331490216826957,0.7321970123372943,-0.21449457662806043,0.5496676570618293,-0.02642840487891307,-1.3670305189751863
0.24004116422980615,0.3958369344478976,1.0,0.22264296251906623,0.7411361032804824,-0.33290047674174034,-0.05296032122956573
0.6808076651495989,-0.2615842565618762,0.2570454333183224,0.4058998565768396,-0.17929080837135936,-1.0,5.0000734703014205
-0.5175739293375374,-0.10173983741011845,0.8667596954730621,0.26555269901642203,-0.10252060299843668,-1.0,3.341975587866072
0.7954764751094798,-0.3562724772456717,0.7306899477367241,1.0,0.09340019925877951,-0.5849590445690844,1.5207919734833624
-0.8071214963594691,-1.0,-1.0,-0.09862774268048513,0.1855604140114972,1.0,2.747450425295773
0.7023093511898815,0.9504011005710691,1.0,1.0,0.5832520904996088,-0.6042317522621854,-3.6301219294599605
0.6249493684232074,0.28921427638277725,-0.08831118424510098,-0.3972370388888793,-0.30156186380740246,-0.63743559792429,1.1732226572521993
-0.4187778539210302,1.0,1.0,-0.6075337541358483,0.06774016244227604,-0.5214868222451738,-3.205033897709718
1.0,0.6393967470847864,-0.8873008682176908,0.7908186067863073,0.45272042560048986,0.6537365957810971,-1.8083556703642691
1.0,0.8607450066165976,0.9487351737275165,1.0,-0.34687275194821776,0.04561020698767754,-0.7406657728370654
0.42577555163608943,-0.19492545502627556,-0.6638928418317084,-0.33173863809030973,0.6548373751564189,1.0,3.1891181221277463
0.5972695105801467,-0.4638011538645026,1.0,0.23701699820631988,0.07830516170311375,1.0,-1.8897025695311152
0.09798961185668842,-0.5046205690233858,-0.8367760364685679,-0.3752705677764454,-1.0,-1.0,2.3536212958843827
-0.5266914371328575,-0.5654941791465217,-0.018837843224892126,-0.39129736573748547,0.21816850891963674,-1.0,4.461695026265814
-0.8722896042898902,-0.7688847356422337,0.258848478983666,-0.7571767042986743,0.6366825449624,-0.5980524578218533,3.6537951145414
1.0,0.6868149166397053,1.0,0.37016158672230093,1.0,0.7734702075662434,-5.825692917971641
1.0,0.13593197373155974,1.0,0.381856198123962,-0.9734825587879161,0.5802484827492386,2.7248914123999732
1.0,0.7160862861402293,1.0,0.9442376258038014,-0.13538690416810528,0.4647914246116651,-2.232769414356044
-0.8929249411283402,-0.10229180888340073,0.6884699164769406,0.0335934637158842,-0.16590611038636588,-0.800202780179288,1.609866717564131
-0.6592028051699607,-0.4866366795427428,0.4046242891771171,-0.8842052044104218,-0.4983524308792384,0.7094536051101437,-1.5868654899662507
0.08921873548698112,-0.5878457304264457,-0.012829265455756356,-0.6246923020534156,-0.7416663085947188,-0.15706920029867333,1.4349556544485695
1.0,0.382143148208683,0.4467169913864597,1.0,0.09521213126030759,-0.598530885531832,2.5083687200211924
-1.0,-0.06747761088473123,-1.0,-0.3387283465317217,0.12694031599604494,0.8971370465618949,4.619357859113732
0.26841123078136786,0.42965955106604803,0.8300439403843989,0.018547315347990423,0.09553219918307199,1.0,0.07705296505195225
-0.334461149163221,-1.0,-0.028109297160755685,-0.053447458772707734,0.479232759215502,0.6977569629091616,0.6868782357454531
-1.0,-0.8003305360099138,-1.0,-0.3529947665873462,0.30194650424494796,1.0,4.1034701863697896
-0.1246957186573392,-0.18068846246898418,-0.7725857277726946,-0.6638951255058871,-0.04414690512073319,0.9970032670376294,5.168276070266876
-0.2850742223447096,-0.043841433558511445,-0.4041443065221738,0.4300417501278138,-0.48867716169011266,-0.30415828499167724,0.40326689079473366
0.5491213755479967,-0.25172212996592824,0.007666426330087794,0.013568381764782256,-0.9740276200413545,-0.9049652712297113,4.198128735675619
-1.0,-1.0,-1.0,-0.37757307650304917,0.6944944377512001,0.1266913411377985,-4.956276448366277
-0.7947920395048136,-1.0,-0.4254185459585733,-0.9823679218356456,0.36376970650824836,0.502080549032164,-3.4946288892922253
-1.0,-1.0,-0.028702585680176917,-1.0,-0.2795026868200349,-0.08958015883003656,-0.30622880173647893
0.23345225217340027,-1.0,-0.7224479343481152,-0.9809721998937792,-0.11937645675877151,-0.5975965742603937,-0.13371570875905825
1.0,0.6180398084338521,0.20079130742324436,1.0,-0.21412550220915794,0.2516518061813293,-0.7899607462184155
0.17758925719379626,-0.3989392991190899,0.41037275012933516,0.6688232612331673,0.31259587671630595,0.14065917732421407,-0.823969078883353
0.9449334221955006,-0.05600632112013814,0.6750023223205013,1.0,-0.6592660528567778,-0.047536377599726176,1.7760777276757318
-0.9243320871184562,-1.0,-0.4318075469466245,-0.18133486279819122,-0.2857547561076481,0.8261834084525066,-1.639939809125968
-1.0,-1.0,-1.0,-1.0,0.27306714214606,0.7303973221868443,-5.949007067964502
1.0,0.28414148207559875,0.37976488333011993,-0.1889556214028434,1.0,1.0,0.33493867205746086
-0.991130047722734,1.0,-0.1596833751849569,-0.799005731011948,0.3216929161745327,0.27547611669930194,1.3945300590683245
1.0,1.0,0.5548296901047092,0.7502268130841876,-0.7406531086073967,-0.5218029137934214,3.973128717095942
1.0,-0.24634826051026137,0.07306086605474416,1.0,-0.4196790639756522,1.0,4.022277725961626
0.5187376855740253,1.0,-0.6222407679124644,1.0,1.0,0.8109845047670959,1.1143309483656954
-1.0,1.0,-1.0,0.22416723358678164,-0.6893339976156747,0.17516161668050423,3.2306246515250034
-0.8862865744187225,1.0,0.19994058542109538,-0.2650834472327621,-0.5303176976818169,-0.30557289004513,-2.4924564229220456
-0.6478046224612395,-0.4871051555232916,0.9979361226660068,-0.9364158817076063,-0.2613338039176236,0.28026630457241214,-2.6984272849160607
-1.0,-1.0,-0.7290047369988497,-0.14222012941338802,1.0,0.4165528306917209,-0.5525341169045376
-0.48218700878499815,-0.05658168845396919,-0.25030973943576734,0.6826092096921591,0.43032519061122976,0.09214838699465654,1.6472768871137613
0.5776984497146038,-0.16240472362866565,-1.0,0.2790906134350001,1.0,-0.2579162600637541,-3.223593292726024
0.2912985078776731,1.0,1.0,1.0,1.0,1.0,-6.688685099914658
-0.3745274552052382,0.7712591134698215,0.28033420644565776,1.0,-0.9196346707016041,-0.8324032430597691,3.1944262211085164
0.22405722430809816,0.36831107915917993,1.0,0.5505515437292953,0.8142761424932266,0.24882023347435167,-1.6167051858195824
0.08782998917202504,-0.06354873215198831,0.13056498059313382,-0.52814341378788,-0.3404237768052886,1.0,3.223980143357203
1.0,-0.8773467570116682,-0.3868645023719348,0.619359666608913,1.0,1.0,0.927945895336478
-1.0,-0.685531344908509,-1.0,0.8904725975220069,-0.08980968321526728,0.9307299054336072,3.9461847945767117
1.0,1.0,0.28236088484245103,1.0,0.02822611803778708,-1.0,6.494060816729739
0.9444618148825599,-0.3903500820006927,0.6472299699554581,-0.4848332125342963,0.5353286019311285,-1.0,4.410106468614476
0.9707733173827853,0.6539457015044974,0.7210599177680648,0.1525784174902945,-0.6254351192629,0.08885458826216142,2.0873242058886174
-0.10979782467978805,0.5060783481235118,-0.5045517299238413,1.0,1.0,1.0,6.846904772196988
0.7807540939512174,0.8131668177515161,1.0,0.5036711641277241,-0.7338043249502083,0.8206411464324379,-0.49913062121683127
0.010396436896319083,0.1647918347241894,-0.3115966657284166,-0.030992054121464246,-0.7271744440678245,-0.734952293910063,0.846278535024886
1.0,0.16834562048398327,0.6293308393901391,0.5489014661248424,1.0,-0.5312457625490428,-2.1137974608349825
0.41341762131311444,1.0,0.3678612855704271,0.8282335851010524,0.4626117378814094,0.8719163983189215,0.46075396255171086
1.0,0.5895649995854924,0.3838365875249763,-0.44268258045354203,0.09631944434552003,0.1784563400037149,-0.7238685324888723
-0.22134083715882946,-0.8042123467705173,0.28316988031809354,-0.19111610785701005,-0.5713257940258627,0.5649973087465642,0.2552780766427148
1.0,1.0,0.3563272561623212,0.7993420143522294,1.0,-0.20303011981522578,-3.1470428488584328
0.507878603570056,-1.0,-1.0,-1.0,-0.7756248983019494,-1.0,6.677877145537307
0.8507337117516901,1.0,0.6421029082779939,0.7440649059174939,-0.3552207664732585,-1.0,5.174211850729855
1.0,0.8845096518140076,0.1349577458122604,0.11906632136451123,-0.7165800749782296,-0.18255404638686867,2.8812644589048495
1.0,1.0,0.33353043006293026,0.8977366776874949,1.0,-0.6412114830173556,-2.084703619062233
-0.7590761759590552,-1.0,-1.0,-1.0,0.4707138944547,0.1563295246666293,-7.081397667876068
-0.3511603120594859,-1.0,1.0,0.3468871074884939,-0.890774435723462,-0.649118855720187,2.411493258079494
0.04963203996873225,1.0,0.5702268269315738,1.0,-0.08954145303769079,-0.6413526267733333,-0.09385370059408038
0.8277627710593738,1.0,1.0,0.07123315672533606,-0.006472451236956546,0.6008610915434779,-3.272869213650504
-1.0,0.3677292821110385,-0.9177665778174843,0.039581135768256566,0.9115326978595555,1.0,10.479806304473133
-0.7488308250589213,0.3326815061827736,-0.14722366133043926,-0.22735799395746736,-1.0,-1.0,-1.5886319242299145
0.3605642722906033,-0.15094755957476247,0.5545178412232058,1.0,0.08402734438656334,0.7214499793118058,0.10408198697599283
1.0,-0.2699922133101913,-0.5226763147625326,-0.4356111352567928,1.0,0.9439928217620834,-1.2207619158405325
-1.0,-1.0,-0.39325130948003006,-0.1756193487668215,-0.25865422318670317,-0.4775615432521626,-0.34819717736385064
0.5483651422330404,-0.3686421513143276,0.34242526031473575,-0.4133666853952788,-0.9587876090724571,-1.0,6.947664169353482
0.033285403825373094,0.8406507179688192,1.0,-0.8485074260616265,1.0,1.0,0.024959408233383273
-0.8788996611882651,-1.0,-1.0,-1.0,-0.3120909315850701,0.7024134945661563,-4.547037566169453
-0.9263386872404551,-0.24878193497961562,-0.329905496167436,0.6314373236026073,0.9853402481028644,0.5930029958510001,2.9007226298313764
0.7388944138273638,1.0,0.09538978373938845,0.36626836364704163,-1.0,0.09613703610753832,2.879556058147845
-0.2534258156025254,0.07819036452503939,0.21600914099860394,0.220843210576259,-0.9355261750386001,-0.7140136549770157,-0.04309714525055314
1.0,-0.360303745193889,1.0,-0.10446986950371312,-0.7686882000794318,-0.3855791706669259,5.400647808691321
1.0,-0.0036535731004220806,-0.46879368150527334,-0.9658414683045863,0.2805497428106758,0.13489737499479515,-1.2794876044657375
-0.9203784697118784,0.4779911513445686,-1.0,0.1401019163407524,1.0,1.0,10.531737542672731
-0.01806045867331424,0.8060543688496077,0.6421342629686795,1.0,-0.43876732601417934,-1.0,2.9406292756406063
0.008669282100478515,1.0,0.2951222910408221,-0.4135659381078961,-0.2034595798662241,-0.3428966198879171,-0.6002980255582556
0.4652995800663342,1.0,0.7834209944693372,1.0,-0.5435681128845425,-0.2984115439847098,0.4401996696179886
-1.0,-1.0,-0.08982445441737974,-0.6229944678760522,-0.7983822950337541,0.26007314286691025,-1.6155878540666606
-0.44119397005551697,-0.5583420634795326,1.0,-0.26381677862345204,1.0,1.0,-0.6295484614705794
0.6901555884540762,-0.349384465481204,0.33923064319421947,0.03256473028803697,0.864542506072298,-0.029806977757175113,-2.0543370394650755
0.6638496148882267,1.0,1.0,0.7192987209087168,0.3127248754962488,-0.053445101455519284,-4.865172323745341
0.2849990128608352,0.252756941556598,0.883305403829495,0.6272957969700115,0.2259318127138097,0.6011158428257906,-1.4407491061501745
-0.5301662437935641,-0.4846755209452478,-1.0,-0.3017688820040436,0.0942580823522351,0.19057753628086171,-0.28673846946357073
0.19048027526487493,-0.5154099051036319,0.3423427335040362,0.7474448924593747,-0.5392343181048926,-1.0,3.909334835007417
-0.6025703809406822,-0.2427138400467843,-1.0,-0.6995243042544201,-0.6015418343372994,-1.0,3.42633932454953
-0.5436684110584127,1.0,-0.5100797944438262,1.0,0.20439880036461597,0.9240483058412057,2.0567268026171894
0.723786368422783,0.17950200027587848,0.5645125080428041,1.0,-1.0,1.0,4.859647227879472
0.5091603563342535,1.0,-0.15734364160576614,0.14995985422138866,0.24791758067535782,-1.0,2.164368418319317
-0.28678701305583776,-0.38476589398580363,0.06733568204641749,0.03521662587116087,-0.48866991049256275,-1.0,3.0970872859475085
-0.5731294374907363,-0.3908782290667946,-0.37415930882502274,0.3404148572398934,1.0,1.0,6.405360419768048
-1.0,-0.2524704489892311,-0.5219167843587578,-0.6927096987902459,0.1544739674921199,-0.5319324980830538,0.6177027852135397
-0.5284274633871124,0.032344929282286126,1.0,0.13668013277662378,-1.0,-1.0,-1.6421123072692323
0.03830260702926236,-1.0,0.3709111955274413,-1.0,0.7201133995015263,-0.7838250900233162,5.034527273070218
-0.3690189545268662,1.0,-0.9089725993537241,0.1665953261643741,0.8042909187758172,0.029715840798246462,3.209071412602758
-0.6254049054766506,-1.0,0.14371843305932708,-1.0,-0.7827803762834693,1.0,0.28866322649153897
-0.5162847438573892,0.1414968041665238,-1.0,0.5310283008528626,0.682334270123036,0.8314950900670249,5.283122008632906
0.3116369901976828,0.4344717588454572,-0.2726532995794024,1.0,-0.11000970704021668,-0.5894185298975391,0.7499527676278499
-0.07624175730552421,-0.860300455375985,-0.45338592491645047,-0.6930159805616076,-1.0,0.4431732732084461,1.4975079810317635
0.35138822859071883,-0.6357887899876031,1.0,0.8693647859108196,-0.8881486529520123,-1.0,3.5705900036525797
0.3758573354190694,-0.6620848031259479,-0.3337215225780099,-0.13581675597103604,-0.7402013406777267,-1.0,4.117971038773538
1.0,1.0,1.0,1.0,0.07464706809318145,0.3338525754854593,-4.527220962646192
0.32029346738779274,-0.4690331616384513,0.059563918605586796,-0.3362950226678181,0.6845625399273424,0.6320788089889481,-0.4302419640036831
-0.0032911058651982072,1.0,1.0,0.9999261561485504,-1.0,-1.0,1.8723468129352654
0.8035231605284888,0.7048097627762118,-0.060557631161231584,-0.5892592177326244,0.5588572929775513,1.0,3.035737259238047
0.8060356254156602,-1.0,-0.76440088760082,-1.0,1.0,0.7420553838288237,-5.43326493268615
0.29612329380645863,-0.27295199874017406,0.04611650115705612,1.0,0.36362981493310365,0.6627607958046406,1.2410580145514347
-0.8991466170831368,-1.0,-1.0,-0.800323614768794,-0.21924370498321444,-0.9823961985912679,2.8057757581755274
-0.05336053531095741,0.3510941851375921,0.42253861212576677,-0.8098403337186564,-0.16415207996075498,1.0,3.1962997174071255
-1.0,-0.8725259509387333,-1.0,-0.34417834535832037,-0.419368614151598,-0.3251449385019901,-2.5053192984191788
1.0,-1.0,1.0,-0.5367369090946621,0.20722580373530786,0.879602776997404,-2.199854969168565
-0.5612870168635904,0.00214433264826161,0.22757369358574076,-0.5586187286186497,-0.02259846531249171,0.6013876259067154,0.2414577504670011
-0.3857406494366582,0.7176863353518729,1.0,1.0,0.8608194784816439,1.0,-3.549704945048224
0.5374062043151845,-0.013079159278619634,0.08525500055053203,-0.32411467572149083,1.0,1.0,1.7237814825020719
1.0,-0.7807298094562156,-0.7174957129179522,0.020804631796866035,-1.0,1.0,7.257169843816749
-0.8198442280091658,-0.37538649794504064,-0.2774261486739167,-0.014782165051073326,-0.08032134446903216,-0.8907577480029605,2.204546162671175
-0.22870983729110536,0.04573755427286336,0.3106709135011672,0.6169787595398489,0.5538742902726816,0.16791614573475294,0.4977524546011389
-0.23926783510160643,-1.0,-1.0,-0.23981322684112016,0.09645729772702027,0.5055212847565204,-2.2062618050186233
0.11626293353108194,-0.11332102895216462,-0.6940303659862345,-1.0,1.0,0.7904417679717334,3.672562446634712
-0.9825310275887298,-0.3508903159357458,1.0,0.32268950461605495,0.9316069672004142,-0.9783867261613677,3.038600322170995
0.42382318357033805,0.560375877023497,0.4267331985555014,-0.021811233972243244,-0.03368769991477727,0.878428379724186,1.0237835504915629
0.41129209827710916,0.569236065224507,-0.6858951689768686,0.8823319322257578,-0.6668188806475098,-0.6430667381442037,1.4896551504328248
-1.0,-1.0,-1.0,-0.232064038820607,0.4867089987577663,0.721219877682959,-0.5554025702222101
1.0,-0.21569721409082837,0.11926415350604708,-0.6488853390216376,0.8707239290916022,0.22274611187657412,-2.328387935983766
1.0,0.29407067844223045,1.0,0.47807510740089953,0.40997343757457594,-0.07753968738917327,-0.5623750988867712
-0.6073642170746221,-0.3138206420960725,-1.0,-1.0,-0.31033469578451633,-0.4880839713904998,-1.2656221754050803
0.7375670316164857,0.8091912227453346,-0.5266621826788895,0.35734155745397844,-1.0,-0.813603872350974,3.9901905820822394
0.268134676146616,-0.15091109932139263,0.7068261454987106,-0.3572952444469377,-0.7898738514803807,0.1804512443746107,0.4803398829358011
-1.0,0.0851664083003556,-0.1198379106095605,-0.2857063985010859,-1.0,0.866811367989383,-1.547063955052826
0.2524585444543779,-0.9963052060873506,-1.0,-0.15825430444806848,0.5706049216023927,0.5732837666092737,-1.3202286068395979
1.0,0.6725525727245867,1.0,0.9367323690909677,0.9344192187593698,1.0,-7.848286750036097
1.0,0.2811990736539111,0.9466471668099012,0.19136569743769802,1.0,0.544564875528907,-5.236403223051288
-0.5575217186267567,-0.33627191214717134,-1.0,0.5041108034875359,0.08500604733702624,-1.0,4.413255383009654
-0.527685104867919,-0.6894727302256669,-0.2551170161136641,-0.5452257604877453,1.0,1.0,3.970187640948367
1.0,-0.13020861075097745,1.0,-0.33686777370184895,1.0,0.371109632768871,-5.219484985640178
0.40376624887378487,0.15599832529158508,-0.24076501226116553,-0.23811985252082368,-0.35740863669068934,0.44291999811521965,0.21911646304629362
0.5048267559772184,-0.7031337691299484,-0.8322507657502142,-0.8486836342349864,1.0,0.9354564483350911,-0.8515270528232816
0.6383671987506425,0.16201128886984562,0.48756402448384695,1.0,-1.0,0.02655645700146897,1.915121520397352
1.0,1.0,-0.1302134981342555,1.0,-1.0,-0.4861487498230417,6.883256419998487
-0.3345775797708266,-1.0,-1.0,-0.7980985462990913,1.0,-0.2713092431544075,-3.7115340720536603
-0.4653014566926985,-1.0,-0.2484551002695956,-1.0,0.5716066232417616,0.9470767594644884,-0.24491815681026075
0.10617752774547598,1.0,1.0,0.7933940434551034,-0.9949169596419353,-0.8302303001364727,0.4119011151417995
1.0,1.0,1.0,0.10466264791973168,-0.6121424407115287,1.0,-0.46389636664621375
-1.0,-1.0,-0.43440544380030444,0.16006345081182208,1.0,0.021096479550075653,0.8378576324567093
0.651518029524619,0.7685895176902687,0.7560932720102396,-0.3760251540751248,-0.5917893542671384,0.3691085752986875,0.8014469602328305
1.0,1.0,0.847259112526126,0.019854526139500284,1.0,1.0,-3.1162978571594984
-0.7361955346778637,0.07203381281722732,-0.8021515576144382,0.6579494755382647,-0.508786911404173,-0.6468142148022615,-0.3091801280125357
-1.0,-0.22468061352593205,-1.0,-1.0,1.0,1.0,7.235231193725539
0.9129411107298371,0.32703892183317035,0.7414640171764582,-0.310962772683679,-0.8679468476193725,-0.6450414741443791,3.9124752083887415
1.0,1.0,0.7010955422361322,0.2834807928825569,-0.7018791732013918,-0.2270871232433634,1.695910846599033
1.0,1.0,1.0,-0.11368033080736933,-0.165671862478053,-0.15398571122610705,-1.6118240781802782
0.8453191981823236,-0.13979265355742587,1.0,0.7084344350678715,-0.5478771367988893,0.331912274200171,-0.1713147480338112
0.021469787035832466,1.0,0.8974550718396047,1.0,1.0,1.0,-4.515546924227277
0.38062845386524297,0.38658112641038306,0.25961832005068064,1.0,0.007638682170183708,1.0,2.2891623400109284
-0.6529405988952288,-0.25246867270839257,-0.029401578419467556,0.23660953586889427,0.2948029886597039,1.0,2.3014076808012938
0.07731350017841887,-0.691163281427145,0.41323290847185046,1.0,1.0,0.5977040451947575,0.028420672064923103
0.2307724919006875,0.0761566031621903,1.0,0.027248793635642254,-1.0,0.32327126066154943,-1.1121979386929337
-1.0,-0.4922463768741697,-1.0,-0.7571918881146809,0.6837182494364966,1.0,5.073516085620678
-0.689466535705276,-1.0,-0.8016729576237074,-0.356408654215544,0.7031111148319781,1.0,2.433193646781293
0.8042405136986899,1.0,1.0,0.795552821093992,0.3551757392696704,0.3398179559388409,-4.998183841577575
-0.9428758835735964,-0.5281190942893033,0.6250978337019846,-1.0,0.30652384060653526,1.0,-2.1718457375903073
0.10316317415900267,0.6525884044156993,0.24994101343108444,1.0,-0.2266986119525231,-0.07520922049419249,0.4563483659754214
0.935836887082411,1.0,0.6493492531530194,1.0,-0.11645618624527854,0.8742574943311658,-1.1665485838268765
1.0,1.0,1.0,0.1305429783469032,-0.7944211816031006,-0.8024490282623411,2.216851857983464
0.3339887228345901,-0.8179750963700991,-0.03814383219447971,-0.06889176289631194,-1.0,0.5325088199016994,2.5871170958646803
-0.6022385403180441,-0.5626945076033731,-1.0,-0.12073039733383939,-0.05815919349041143,-0.28828889267499114,0.00770784702077798
-0.9790382345506754,-0.08947203696200295,0.14899262640967126,-0.7852330084948118,-1.0,-0.4303709136769607,0.024057400618965552
0.9610923167989862,0.25864093183210257,0.7917253578324803,0.3765816476909676,-0.10944043517627877,-0.9436969122426974,4.570329754328431
-1.0,-0.30567435923684083,0.29513082282408315,-1.0,-0.9005403718282446,-0.3838937809650813,0.6219421512320691
-0.2571936823594678,-1.0,-1.0,-1.0,1.0,-0.05967000413562201,-4.859659976793814
-1.0,-1.0,-1.0,-0.7828313686378567,0.054412066430075456,-0.7394707231581819,-0.5826556701884418
-1.0,0.17145346767533143,-0.016971037304396752,1.0,0.018934821640867253,-0.7417406376940227,1.7615193449346296
-0.8630165657676131,-0.9022283972532091,-1.0,-0.23010864233157682,0.276585473862862,-0.09396066347072124,-3.844859449650777
0.7162263194770815,1.0,0.008706770456091695,1.0,1.0,-0.09910585623849973,-1.7064965201252384
-0.6561569795120785,-1.0,-0.9318342597810837,-0.4919995087314848,-0.7031969473370443,-1.0,2.7090608755528276
-0.2943075903264857,-0.8630468954283372,1.0,-1.0,-0.7057579679256916,-0.38370679042970507,4.224109252346889
-0.5279033161677825,-1.0,0.680259602037846,-0.6790262466087993,1.0,1.0,0.693248750226916
0.379753962037252,0.9910330146584077,-0.6635070089329962,-0.5793827452453266,-1.0,-1.0,3.4968208063760104
-0.8500857824647472,-0.20166366965899085,-1.0,-0.16753498579338544,1.0,0.4190223917089656,1.1786090054888394
-0.2093515869664024,0.8665698127834115,0.9833859716711055,-0.9591559820600069,-0.35095974803920316,0.040400480171656705,-2.524019369296616
-0.3698153303349587,0.8891436458186158,1.0,-0.26859347785178045,1.0,0.9474442748555592,0.5883559915666191
-0.7100933027416949,-0.5645931375916045,-0.7842778101967705,-0.46413257307500033,-0.3697881445174882,-0.2207642887489087,-1.6362238894283063
0.918619145388708,0.2809567952403871,0.5936137484089068,0.14920350070302058,-0.24711962496571194,-1.0,5.750957507876392
1.0,0.09723823578349933,0.12694692761044019,-0.11962047429694833,-1.0,-0.8869722647067018,6.107611097850441
-1.0,-0.17198355171555302,-1.0,-0.6250684769823427,-0.3275670987302962,0.06359656916643586,-1.2044915510128171
-0.2898003939344699,-0.3267967786516766,-0.5694354125125353,1.0,-1.0,0.243126519930021,0.16412652932995372
-0.9872735564500319,-1.0,-0.9643482756710309,-1.0,0.4909984480698476,-0.5766210096249846,-4.3556326427610506
-0.6611661120459664,-0.15256678068015916,-0.4847851636867856,-0.7597446662783017,-0.822827724215667,-0.20141342946008023,-0.22081907641072185
0.0255409887190141,0.3945479219207509,0.15133087581773313,0.6248367053773716,-1.0,-0.01901203281642294,0.8751652205859382
0.7201029376403245,1.0,-0.8704702973593559,-0.27753224713386915,1.0,-0.074819201575556,-0.15294796428805457
-1.0,-0.8691670970105159,-0.8682809911481786,-1.0,-1.0,-1.0,3.863759490373721
-0.6196922703888473,0.16765904404111653,0.7606082169792518,-0.0864134887818771,-1.0,-0.9139475319854276,-1.552807915776881
1.0,0.1695193847774239,0.788447012808446,1.0,-1.0,-0.13202123543368674,3.9871931788495023
1.0,0.07151493999404096,0.13773616084805596,0.7181652615725522,-0.37801791248914157,-0.560552252080761,2.9306941425266553
0.3087634958798308,-0.29536351009062217,-0.6906612664710479,-0.23068959469907366,1.0,1.0,2.69123347823438
0.08138098419994644,-0.128914581482876,-1.0,1.0,-0.12426058250002397,0.8348798454779504,3.1884789797170305
-0.8369170622476372,-0.43186118681213337,-1.0,-1.0,1.0,1.0,6.423230761507674
0.8482412563484967,0.9903573735181996,1.0,0.015226502142242193,0.25318376504417184,-0.30643100607572904,-2.2183032369735014
0.6210028553452792,-0.30667406725390917,-0.021916909929962036,-0.40206595162650227,-0.6940917905364146,-0.46568940513666,3.2032499328547535
0.33249285557259445,0.5885888877300063,-0.5188991036647903,0.38931999281288976,-1.0,-1.0,2.010308418551264
0.26542071082510055,0.24983275676715533,-0.169317977024804,-0.4721170513168708,0.6274424142376365,0.20645029169547446,-0.24946323119996744
1.0,1.0,0.3344963346818506,0.09344590812759179,-0.7020364655147675,-0.4635680975123473,1.7371981291444076
-0.6403010303012906,1.0,0.8410273269604559,0.6528669229302365,0.9232896302198604,0.7703526879051973,-3.971451140066131
0.9791922901464919,-0.07641896638012136,0.562802087411787,-0.7666818002374006,-1.0,-0.2513182063970709,3.897680193540766
-1.0,-1.0,-0.013147323057372429,-0.3090620610104249,-1.0,-0.011697017059237091,-1.1006151996006408
1.0,0.7797498260188718,0.34872698996619267,1.0,-0.6243135522023446,1.0,4.454699976354604
0.6851981147998247,0.006915240814973078,0.516771205244683,-0.08279712715400389,1.0,-1.0,0.49425267744883894
1.0,0.22705895497189116,1.0,1.0,-0.21528129904457016,0.2550895709968123,-1.0669281263983132
-1.0,-0.12350123062909013,-1.0,-0.9356023019068793,-0.5690404687538879,0.09986963453942993,-1.1054527155601657
-0.23808647795745397,1.0,0.5428768303088921,1.0,-0.8526458042020633,-0.42053831391027185,1.0716752088875678
-1.0,-1.0,-0.41346034826693523,-0.9856315215754801,-0.6032093556652969,-1.0,3.9635261200856906
-0.9867874081536294,-0.36882673235422436,0.5519713098228295,0.547742252431611,1.0,-0.2802716424968761,2.6048536322398146
1.0,1.0,1.0,1.0,0.6568350588531552,-0.4092730367440003,-5.464709760918065
-1.0,0.3575143684937697,-1.0,-0.09286718092746771,1.0,1.0,10.733775782564233
-1.0,0.3395747141909863,-0.4176622505767041,0.06601590917026096,0.4481798668539135,-0.21759123221534826,1.697083516728035
-0.0331883936169311,-1.0,-0.9989241260308174,0.31337136358954376,-0.07053914694535035,0.6344357127047229,-0.48486997947944976
0.21468369188622272,1.0,1.0,1.0,1.0,-0.23754051108003804,-5.84939437498466
1.0,1.0,1.0,0.6371328463125132,-1.0,-0.4370181731633571,4.19420148756866
-0.1970885791044572,0.8097773430301333,-0.03547512832137534,1.0,0.8778454118693051,0.6957388213229286,2.5454423204676555
-0.592122346058092,-0.053802224616693164,0.14325863021536522,-1.0,0.8269676135419148,1.0,5.072080086064362
0.3570632244224712,-0.6490249928113825,0.634698296904574,0.6363705686835761,0.701587974987448,-0.5815958136759227,0.036626162861550404
-0.024708015359577534,1.0,1.0,0.12653976984377005,-0.7845307099487222,-1.0,-1.743398183206174
0.21360629332421743,0.9327420230128606,-0.8091995038792297,0.5754134906783208,-1.0,0.5134704724606218,3.5163565078090717
-0.688286325252713,0.7960543914239895,0.3553997624128586,0.4765178260613516,-0.791767195742227,-1.0,-0.21116400745266312
-1.0,-0.06094277298845341,-0.8424308975917856,-0.03969439401378794,0.43587976690299934,-0.5774226161023301,2.811389928573969
0.6613057161315915,-0.2731930457863978,1.0,1.0,0.36291084237263616,0.8992933821902565,-3.0773836339549074
-0.47343093987133555,-0.5651055730567728,-1.0,-1.0,0.882848979135502,-0.8478208761140095,2.2244477337719135
-0.10707466679569888,-1.0,-0.5960428768592716,0.046700999076367766,-0.8270351233215176,-0.1441496930843511,-1.9133597717118143
-0.563374573395826,-0.3537236460254566,-0.9696365895577693,0.54251576809265,-0.997397670699011,0.20023952396693345,-1.8575018654893838
1.0,0.5227844505844357,-0.8461113397704307,-0.3058781087661535,1.0,-1.0,-4.967883997528806
-0.22755950973289218,0.06642383860686538,-0.5518962576547444,0.7425369368587029,-0.2933700377683418,-0.4293290462566701,-0.15977893239071203
0.37212532926246733,1.0,0.9930012046210135,1.0,-0.00834759333437185,0.6307681875991866,-5.179074714021242
0.8650502730942528,-0.6727848830505743,0.8665218326507043,0.2098522418638849,-1.0,-0.925827712430535,9.614663130237199
0.43950878727147213,-0.49219156434725186,0.7829718049148607,-0.9855662384842252,1.0,1.0,-1.7571717324646714
0.7020500675754531,1.0,1.0,0.956054705705587,-1.0,-0.2945943350013749,1.7000051135084735
0.7998490698053515,1.0,1.0,1.0,0.5182749550017847,-0.7859051451292117,-3.5366211852925855
1.0,-0.01788733230492584,0.9372051916128961,1.0,-0.46771569177370464,0.58156480317595,-0.11186211593500867
1.0,1.0,0.825240635227329,0.3645558900391974,1.0,0.1777825451239886,-5.210185017949269
0.5517523005713697,0.34026079219008243,1.0,-0.19557782540767604,0.982126804190748,0.2590329369611606,-2.3726509768382766
1.0,0.2053263703279531,1.0,0.5307706667702812,0.16799747580533264,0.4934185667947619,-2.894170386818867
-1.0,-0.001674275597780328,-1.0,-1.0,-0.41461850348206186,1.0,5.832132097292676
0.4465292719074476,1.0,-0.731592766576264,0.6871711756096813,0.1367789734846565,-0.05663135051030599,1.7264071770316527
-1.0,-0.012661049065983088,-0.023450869709406463,-0.0935555913599595,-0.6750200082368143,-1.0,0.535600728255347
1.0,-0.04292629764532019,0.2648441466407898,0.68257034530115,0.16055344450941722,0.8271243132880124,0.8862160430654089
0.48522041102999935,0.1730847801062082,1.0,0.2956053390741866,0.4656598481086298,0.7826452947005261,-2.0395467421772784
1.0,0.7928766556458684,0.3909705436350076,0.6489152225635061,0.049932510168691824,0.610510147267872,0.2194748070603112
-0.08463913774455101,-0.040506592813971176,-0.830963686239483,-1.0,1.0,-1.0,3.1191019958573625
-0.03986497973377212,0.44915074245839315,1.0,0.43735419047628477,-0.08348171596722431,-1.0,1.1558416872407573
0.576095866429023,1.0,0.3821028237973107,0.21463951917043034,0.23280730068635114,-1.0,1.234062866354876
-0.5054622935611179,-0.8900083526075178,-0.5470103056188635,-0.12834025764981916,-0.6690316037533854,-1.0,1.1838740692965513
0.6334729416083174,0.17037208328393127,1.0,0.5194691433002796,-0.07263008885079747,0.8895045379897603,-1.80960230899521
0.2949727512697389,0.7774011389712144,1.0,0.54829858657146,-0.11787842714826291,-0.8533758334498044,-0.09373509631399735
0.2668272292328453,0.7525354688006385,-0.30511118327937004,0.712392937917482,0.4469751723951468,1.0,3.9678488310646745
-0.5949220690266716,0.22919372742408428,-0.6818288794215881,0.9418604011448313,-0.16483606150538233,1.0,3.181612745378878
-1.0,-0.912578922474609,-0.00876513280828961,0.18834102722010893,0.4733535712896332,0.27123596543399553,0.05378804772879531
-0.8655032245897756,-0.886935902417062,0.4238672985898911,-0.5177012845609917,-1.0,-0.6326252579473888,2.0597460875195157
-0.20285760824023824,0.15356119272314628,0.4820338569158253,1.0,-0.02613865209621391,0.09367589370661378,-0.5330195781055024
-0.19888560269394673,-1.0,-0.7624409626101427,-1.0,0.19743759606604516,1.0,-1.0131939931587155
0.46107640075250766,1.0,1.0,0.4480529888750837,-0.46762042816920557,-0.7928967450101503,-0.37112011451908133
-1.0,-0.18875495632178396,-1.0,0.8005042794865901,0.6347535392947321,-1.0,5.217346082484725
-0.29925954943461686,0.07661027502065693,-0.3120212224596901,-0.5857579992872518,1.0,0.3860009799830999,1.5032733185681566
1.0,0.8560426616385506,-1.0,1.0,0.934480862614703,0.22596285296412152,-3.6712377537857908
-1.0,0.3154632830301917,-0.27603954631914734,-1.0,-0.6025265034825145,-0.8247431396798153,-0.601469803829245
0.17174787478477238,-0.35017326790435266,-1.0,-1.0,-1.0,-1.0,2.8514904900775004
-1.0,-0.03970922853476683,0.6672970147958482,-0.029292824789783567,1.0,-0.5245218689550479,2.4336263386829553
1.0,1.0,-0.05192786936632987,1.0,-0.3015038377193484,-0.42408208757350985,5.088531433548517
0.3316314989694473,1.0,0.29812548486252877,0.08314198420687202,0.7508755643878458,-0.5848928860777427,0.17074297558423268
0.7647377275481146,0.5160415327944552,1.0,1.0,0.16030469667144936,-0.06575414276443581,-1.9030067072626529
-1.0,-0.01483832085922221,-0.5745629881742281,-0.8530324508335501,-0.29657459538647846,-0.18108682477370286,-0.5760965928101925
-1.0,-0.40773590923046443,-1.0,-0.5716456007947495,-0.5005276359998867,-0.3259154307395171,-0.8561079350701116
0.6238888852899495,-0.4409620962753167,1.0,0.07469093031555533,-0.2758583070540961,-0.12240188245848937,2.029981612485699
-0.7003668731173146,-0.2559964133183365,-1.0,0.042322178291536394,-0.9284836418172344,-0.34046866569039325,-2.7106016667795365
1.0,0.5948891061219672,0.41196022816026195,0.7996794613566071,-0.6205569269476727,-0.66133738602471,5.5060299806103785
-0.3722818889617173,-1.0,-0.5516966494709789,-0.9173461080605587,-0.5255454422837795,-0.4485231250976205,0.48453070921369645
-0.8655976336192605,-0.19629193590498595,1.0,0.7362923212236667,-0.4221529518852014,0.1870469700408452,-2.270362279277038
0.3534798187059757,-0.7404407554262711,-0.9495249259092944,0.4220019774767505,0.6193799667314279,0.10540396642457484,-2.6845219709448105
-0.5377581482324479,-0.18392233806726743,0.8375385382355243,1.0,-0.13305620256663553,-1.0,2.0850313647539505
-0.2660150009359962,0.6450144235504699,-1.0,-0.6605367863694898,-0.8985081545644263,0.4498523040255179,2.2279137045049735
-0.6763040309216655,-0.5007931469977809,-1.0,-1.0,0.10841200617318492,-0.2802433696630249,-1.9140506114839404
-0.8491415408336749,0.4926584235996967,1.0,0.5348242714269404,-0.13659403327189984,0.006441484567233258,-1.7928482485365784
1.0,1.0,1.0,1.0,1.0,0.8558305090851016,-10.594363581067011
-0.642792512638131,-0.5133674961912269,0.3837748100553786,-1.0,1.0,1.0,2.7652913324172625
-0.7282200623545398,-0.5723473756019781,-1.0,-0.9730696051349599,-0.7183583550345594,-0.585512702688705,1.2465307106150638
-0.16874961561433072,-1.0,-0.6625238833255687,-0.9367402152274081,0.9243208709051809,1.0,-0.037679032579946814
-0.6856244250403771,-1.0,-1.0,-1.0,-1.0,-0.3098633247099043,-0.46566074773575794
-0.1795042723263079,-0.4818541849291478,-0.6912793067070802,-1.0,-0.6522940842961085,0.06765335662663527,0.6517239370952449
-0.08128794978314768,-0.7683223662581278,-0.06142811635998391,-1.0,-0.37766745665407364,0.5723671194571462,-0.21933751618915448
0.08022280558034547,0.4381387742076802,-1.0,-0.10846178783713711,-0.5516000870569495,0.47782181193938333,2.0624119550157456
0.11173996520205187,0.49502338364165627,-0.2803095538635869,-1.0,-0.24016219783288328,0.5788231072616534,2.6622846358422727
1.0,1.0,1.0,1.0,1.0,0.19518390636208902,-9.461380938650217
-0.7314536563744274,-0.3319142673980531,-1.0,-1.0,-0.5863574114431935,1.0,4.4517635108026505
0.5757366821909972,0.3420414790477237,0.8316090489519609,0.2622590739830632,-0.31167535580904576,-0.30758706587296314,1.2502768760869654
-1.0,0.6926221647159134,-0.19838357182370148,-0.43321706609579724,-1.0,-0.061940400789096905,-2.233546500657506
-0.7010030084119727,-0.28714951355335927,1.0,-0.6337187378185054,-0.7425591375716347,0.14842155929458223,-2.4381171105618433
0.4616986889539085,0.19265875800269616,0.5523385885947998,0.5172902236445771,-0.13156705951005876,1.0,1.5244754680107537
0.7814765211389512,1.0,-0.2461256012991196,0.6899840044805334,-0.23947955914249164,-1.0,6.409323487208949
-1.0,-1.0,-1.0,-0.10996313695685189,0.5186311017399773,-1.0,3.5629702706974866
-0.2939951511344718,-0.06911407642675008,-0.5107265864740347,0.0006967944241448865,0.6584303199382984,1.0,5.080628172184807
-0.20984965338427797,0.015287269485827593,-1.0,0.44077061496969433,1.0,1.0,7.387895253886941
-1.0,-0.02048701488719651,-1.0,-0.882075354866394,1.0,-0.5154698287511066,1.0075417882672062
-1.0,-0.5002718680058789,0.19232612225865034,0.2585403008763196,0.42443447209439644,-0.41606006220580766,2.123151078989586
-0.3659632588095789,0.5358747856407707,1.0,0.12377997350019787,1.0,-0.21025905667840264,-0.2679434302277175
-0.7588049838612365,-0.9196806529975717,0.6236352111839574,-1.0,0.28136347018074626,-0.43885337390286966,2.1326010003769804
0.05970635590966855,0.45960308486444357,-1.0,0.18858302351808176,-0.9364616849795273,-1.0,1.6287389818852427
0.24753170893508214,0.6659396081747995,0.9892479505063857,0.09626395404559429,1.0,0.6986742322076442,-1.7079757871780785
0.44353462471398486,0.9019663216086898,0.7674624713035818,-1.0,-0.12362049896090627,-0.3064212326025584,-1.9692156505895455
0.2272926206532641,0.10395803791150987,0.13722027579056173,0.799478256094666,-0.5328015421663632,-0.7003813197445405,2.1212520937486223
-0.5249210518817483,-1.0,-0.9035057917506885,0.18781020627647194,-1.0,-0.06466398666042394,-4.313894485776613
-0.3094826141169067,-1.0,-1.0,0.19561276617285495,-1.0,-1.0,-1.25239698293006
-0.023573181517748343,-1.0,0.41550545557155827,0.8464922144050406,0.9259211738754661,1.0,5.013075423803507
1.0,1.0,1.0,1.0,-0.36126431126828196,-0.08746461069198053,0.3724321963652555
0.14871093393256873,0.6663756355178414,0.19722307788383575,0.2578957864646192,1.0,-1.0,1.447024460755475
1.0,1.0,1.0,-0.558842999695438,-1.0,-0.0529224115870679,2.149278529130272
1.0,0.904119229190228,0.30020024473861545,0.49586056255426925,-1.0,0.5076068809260497,3.489401946841427
1.0,0.20870469590836888,1.0,-0.05379423870080535,-0.03133598807599702,-1.0,3.4172373950584203
0.5948187924532403,-1.0,-1.0,-1.0,-1.0,-1.0,9.02641059598938
-0.34166466170927373,-0.9792541228202716,1.0,-0.1647062746133458,-0.3540607514325407,-0.41293456280001906,3.6906701071958263
0.7452355440786282,0.15754810038915368,0.08651122651001164,0.735814335443996,-0.3428489095959439,-1.0,6.126442372834281
0.7091399979843098,1.0,0.34388761069490337,0.07052119709716753,0.43610356028180397,0.5044648210016407,-1.4738357560061386
-1.0,-0.9529440596056125,-0.64464296894679,-0.29098778940676007,-1.0,0.31492315331546983,-4.211209661384554
-0.7603221845181461,-0.745752446954774,-1.0,-0.16820210938868274,-0.7525246205217522,-0.014871441629364171,-3.0917648425766666
0.996494214848836,1.0,1.0,1.0,1.0,1.0,-10.032758164037896
-0.6505779056424188,-0.284657436792607,0.1962322864762145,-0.5189756317617195,-0.44646056841893567,-0.44221822959137386,1.0751912024591308
-1.0,-1.0,-1.0,-0.5801864589022372,1.0,1.0,2.129100293834945
-0.2050501734959127,-0.8120186068984463,0.3026950714852029,-0.5485131704113659,0.9587015311111243,-0.5576312664453662,3.591173951836991
-1.0,-1.0,-1.0,-0.929890075204878,1.0,-0.2470839259851445,-6.681357181303878
-1.0,-0.9161212885690877,0.9733742424929877,-0.7803925932928691,-0.807261178922045,0.03270114672938851,0.4905242258475138
-1.0,1.0,-0.6524629800829744,1.0,-0.18858266651261513,-0.29392224330734806,0.9525223921522809
0.34478993470936237,0.8024212855205999,0.8291836021889185,-1.0,-0.469964734180711,-0.48163214824742784,-1.5054716835542143
0.8790491590449556,1.0,0.036685734404564796,1.0,0.9496531781218414,-0.2397759417468101,-1.9546394014279036
-0.667958069381649,-0.21870936824025677,1.0,0.5996185829570102,-0.34579817663052004,-1.0,1.9699421473488163
0.23421598283422504,1.0,-0.1628765925484078,-0.48563528856673943,0.8524961349875113,-0.019292196904372116,0.49389122292812
1.0,0.3768666288530361,-1.0,0.725334434258043,-1.0,-0.8852964506110466,6.276926201800427
-1.0,-1.0,-1.0,-0.8475277930452672,-0.8508246082009245,-0.5734778992342608,-1.9548781834475206
1.0,0.6647091767718266,1.0,1.0,0.1613829833222692,-0.8402477677753221,0.8648414812378495
-1.0,-0.0032040649228193274,-1.0,-1.0,1.0,0.12233078914552253,-0.4288197970375091
-1.0,-0.05622111633889171,-0.17890337132918943,-1.0,-0.8395602679790267,-0.40167324400236337,0.22879637384152263
-0.35312543731301105,-0.12275748973029682,-0.36898008468262183,0.4755387151381537,1.0,1.0,6.625992198873751
1.0,1.0,1.0,1.0,-0.7239891415910542,0.5876381351807453,-0.08826323128242852
0.3440370270556099,0.7243422233218173,-0.22879521483090576,-0.8017267675488743,-0.11336683208956022,0.8610020285499662,4.775504508370443
-0.9593340325464212,-0.6150475096808317,-0.881377672292778,-0.7636425680489072,-1.0,-1.0,2.9984102859922714
-1.0,-1.0,-1.0,-0.5063270695500848,-0.48728193369923056,-0.6307451976971141,-1.5128114000426072
-1.0,-0.5622178250512524,-0.16980764371967405,0.7141306799328166,-1.0,-0.052950037050969234,-1.1877452046447217
-1.0,-1.0,-1.0,-0.026544145526401886,-0.48906884510603105,1.0,1.6253781519442878
-1.0,-1.0,-1.0,-1.0,-1.0,-0.6101309573785234,-0.25840242939569524
-0.40026108011621453,-0.47556880454567724,-0.41682198661843706,-1.0,-0.9716970740837441,-0.39970558343234597,1.9297802315308263
-0.4538705886126071,0.08264837063462083,0.11247321374274291,0.05715239335995992,-1.0,-1.0,-0.2013903172338916
-1.0,-1.0,-0.7182907839998163,-0.5969141864901781,-0.15747358842919978,-1.0,4.236267641342683
0.09797909524938009,-0.80651690009492,1.0,-0.6810570409113474,-0.2541442106617447,0.3356313619161273,-0.04594060061324981
-0.21029713078685996,-1.0,-1.0,-1.0,0.028269138684638873,-1.0,2.8084103339669073
-0.37525291760942725,-1.0,-0.17037698255855638,-1.0,0.8139879137386898,-0.6722882587112423,2.6185206786259023
-0.35982017156768,-0.14176866414659428,-0.11899106851903674,-0.33096781949270404,-0.7343819075114119,-1.0,0.8813688380432081
0.02564993326138132,-1.0,-1.0,-0.4498625108836804,-0.40610715075337156,-1.0,2.3580848838382784
-1.0,0.4022742019916149,0.20320688695969658,0.6584494943822263,1.0,0.6812896486407347,3.8167322455423127
-0.3044193887631481,0.24280189194197507,-0.11445592517822423,0.6819630676046715,-1.0,-0.013198224359323052,-0.3208956030048134
0.6151097202756846,0.44775457652474127,1.0,0.16388918290054583,-1.0,-0.6990105776144151,2.323832178233784
-0.5250658338958794,0.4665671485741067,0.8142596524538688,-0.7535403216281777,1.0,-0.5692325748123969,2.2628810739745586
-0.7395613030320637,0.3672005034593982,0.005249090824369876,-1.0,0.9507658534794109,-0.37933254298679514,4.602771500879966
-0.3128324319843113,1.0,-0.2689377076505436,-0.09533357067955472,-0.04473738201509275,0.24738615055744367,1.081503733886371
-0.07004971525730452,0.7820763420316887,0.7980651626824418,-0.49858114423270694,-0.008329406075430201,-0.9985159620040396,0.31498815089797483
-1.0,-0.38922593932877714,-0.9802538165683048,-0.650398045124152,0.06504015181998454,-0.32976537858508126,-1.040332440459872
-0.1388250961414741,-0.5317943623932184,-1.0,-0.19271335002748896,-0.13864283893980667,-0.6645998819612682,0.38082372876906706
-1.0,0.5438998170535527,1.0,0.8499361406444964,-0.2881283355450005,1.0,-5.138574625231549
-0.5448434947643817,0.9432764011617727,0.6914414583276288,1.0,0.0023478390688679296,0.019230751055624634,-3.1609240101897997
0.6969315175090566,0.563304997172164,0.4551206540433008,0.2603943643208571,0.2509441976820962,-0.6005852036674629,0.5296456602571505
1.0,0.925110672913632,-0.5134737365373615,0.3882001692978183,-0.6141734013428597,0.0036035016471053227,2.9387630136854948
0.10236393099472557,-1.0,0.1953973929729767,-1.0,-0.9439234975567132,-0.06697010058556829,7.097983821015491
-0.6278885650971302,0.6176344817614876,-0.7217676700429725,-1.0,-0.2544574785728788,-0.37722059538509667,-0.5873151374257921
-0.219164074205368,-0.45778020347782444,-1.0,-0.40314486854922627,-1.0,-1.0,2.3318713606466046
0.7486838357669526,0.20790900602100698,-0.3560021614106432,0.4877121946766287,0.505381993923428,-1.0,1.0772083496255966
0.8046031222554672,-0.1921022539152737,-0.21595316772886106,-0.11201596778539746,-0.1714580087182479,0.8517107113772335,2.365560214624457
-0.15008947349189178,-0.3055347477718172,-0.39676699940052496,0.11858246825192321,0.4313025958283834,1.0,4.062244360861056
-0.8225976787837611,-0.7544631015708176,-0.8255334874017176,-1.0,-1.0,-0.6119002602282454,1.174785347202234
-0.13059087162280147,0.5751489803694644,0.5827339223976522,-0.4925237044506213,-0.9935134266619357,1.0,3.08675377983846
1.0,0.13016549424177404,0.9891616036231601,1.0,1.0,0.612826738670346,-5.6417358549539385
0.1175273613091467,0.3182303338641511,1.0,0.389847270987027,-0.518894493853157,-0.5123815002976428,0.08519653586738063
0.17179418234865518,-0.4230304966461834,-0.6238871000386976,-1.0,-0.8588410392157518,-0.4484511523442274,2.231982917534627
0.4334088771376683,1.0,0.4865601914768869,1.0,0.17125021799573314,1.0,-1.148542628345047
-0.3793827318855847,-0.06771873437545806,-0.689831360465698,-0.14141426803740087,-0.9883130302973595,-1.0,0.15257535887880533
1.0,-0.12622474375916976,0.07324264879631592,0.9393988220483844,0.5402394168540529,0.7250085815606842,-0.6738643067034542
-0.35865721907838677,-0.4932184031402088,1.0,0.14072685562737886,-0.003285565719587824,-1.0,3.955784580368331
-0.19166468345210574,-0.055437104116613733,-0.1674867283698394,0.7435380396477541,-0.39566993284074603,-1.0,2.6116107389512506
0.18771423170688417,0.023363010037736887,-0.11687490724983093,0.8179853144962219,-0.26805995645692415,0.7053576258746161,1.3848249124231118
0.15150347037935563,1.0,0.6925204868110242,0.7863820499865952,-0.7993000259531039,-0.3054424911920459,0.6409112211964976
-1.0,0.05992581037249867,-1.0,-0.01848147400315292,1.0,-0.07101093365277877,-1.0122160100700655
-0.3215011399423424,0.11714226785360028,1.0,1.0,-1.0,-1.0,-0.3658340889832619
-0.23969094316119355,-0.8045903802197765,-0.14405130190569682,-0.8739215406510648,-0.6550129978268341,0.8941406971788082,1.8305462342319299
-0.8088640805974747,-0.2309978277717613,0.12297681011630979,-0.6410723458942489,-0.18710860593513357,0.43136676898669885,-0.7170090353583791
0.20686592701769835,1.0,0.5632690861800581,0.5165727634988961,-0.723694058689238,0.762890465718029,-0.029289088948260045
-0.5358332987150892,1.0,-0.21591374625855092,0.6052388635057158,-1.0,-0.7943965103893333,0.6428092584743731
0.07552790473432486,-1.0,1.0,-0.8792762803292433,-0.8620992519677642,0.19483025405266632,4.272624244648594
-1.0,-0.7388314104519661,-0.09585702820289876,-1.0,-1.0,-0.3351404516449261,2.3460195287306864
-0.7123581256919456,-0.06229839607702703,0.926606570145206,0.15139412353066906,-0.1697080858800349,-0.35853438604237775,-0.3072662334274279
1.0,1.0,0.03299497174989902,-0.5224634443570462,-1.0,-1.0,6.634679273333591
-1.0,-0.3376888577497055,0.2630861371078148,-0.5417703976031027,1.0,-0.21614221308900206,3.9072702237567523
-0.3871782410255755,0.34447321119270174,-0.44059039469397887,0.3627853104619131,1.0,0.13421538124745147,1.309916746948279
0.6652874194305278,1.0,1.0,1.0,0.19063070864093629,0.7703305951512838,-6.256490112345939
-0.7694747729124933,-0.9614401154046168,-0.5913063209232483,-0.3483056185061648,1.0,1.0,4.226218807447275
0.7696307291287208,1.0,0.9617224840657285,1.0,-0.169000361187858,-0.14870653056276062,-0.25733088252171477
0.7816637311566983,1.0,0.036558561871463224,1.0,1.0,1.0,1.2402409217901733
1.0,1.0,0.011982641782215753,0.8194221090994158,-0.3839459535000944,0.04885802363634728,2.4151066765053884
0.6110384884566504,-0.3833464918673626,1.0,0.9403045430290515,-1.0,1.0,1.0613436692388118
-0.08637035568617396,0.6073091618861578,-1.0,0.30933530640122553,0.36837441857728165,-0.4518832797946656,0.17428362160076766
-1.0,-0.10223910768866773,-0.388792659280353,-0.10734061526988137,-0.8795384943630666,-0.11328128586913311,-2.3971258241722166
0.06432189029007783,-0.3894443278548393,-0.250963878124013,0.11168789016572167,-0.9395599494753991,0.573747570219781,0.8873845142812223
0.07732324988662709,-0.0585926906977009,0.45984938201011516,-0.5267553018883167,0.16573822776601665,1.0,1.2932409481561633
-0.2328956808686841,1.0,-0.028374038960627568,-0.20643341389841008,-0.8082113292757003,-0.5024635200759763,-0.49867775486569577
-1.0,0.6535846071417191,-1.0,-1.0,0.4216471789047518,0.0467974964786082,0.18062651085830844
-0.16609197804071218,-0.06416176133381724,-1.0,-0.7867509871260308,0.9068705894814408,-0.2819208721372053,0.03504496032697568
-0.20368697814253506,1.0,-1.0,0.4923395521579543,0.0019504436214246024,0.5970226157768823,5.1725823321556605
-1.0,-1.0,-1.0,-1.0,0.837879699191029,0.9524165484565335,-2.7610891369144137
-0.905656642879356,-0.8679223437092611,-0.37821112523425016,-1.0,-0.8542089181368455,-1.0,4.068755730766752
0.7830455119961809,0.5676628891793887,-0.2054173437894179,-0.3189273868918946,-0.5905562645831626,-0.07923575226257729,1.42687780198727
-0.3191305426088489,-0.2631713776388125,-0.10071471514463337,-0.9543432409036754,-0.6132373557812285,0.354826365620321,0.33742473354526187
0.660264347922932,1.0,-0.016081879710484137,1.0,-1.0,-0.5408969181913261,5.764935467729
-0.1724377353423665,-0.5843564588217043,-0.3831749372245735,-0.5292388582090586,0.31488923831286486,-0.3921858355162367,0.5199443221358764
1.0,0.21923942820293352,1.0,0.6008069429443701,-0.23255572003790592,-0.3556397207916123,1.9257366986696092
1.0,0.7723147170227345,1.0,1.0,-1.0,-0.1838559520846328,5.307985349982658
0.051108784356725834,0.8971732213739843,0.1782965276276619,0.9580637043549685,0.39470397804269153,-0.8195439168513545,0.9907592047758162
0.3060449494445969,-0.5119246959423829,0.5014489640397857,1.0,-0.1993206012198383,1.0,2.1961537783483425
-0.149318357347609,-1.0,-0.1544611058124118,-0.17041548501746873,0.35180008443594446,-0.4721478089261036,1.3240299329467693
1.0,1.0,0.780249379914995,0.9144906724962081,-0.5365936750558411,0.07568517454451795,1.2844991648180553
-1.0,-0.9451015521231281,-0.2770991282721105,-0.6123426003973369,0.8115246675200054,-0.29310620361010487,1.9662682503185072
0.9521269049700147,1.0,0.5737256999114533,1.0,0.7607444327639276,0.5100926474659622,-6.2129563691950995
-0.10350161632801086,-0.15374826667693697,0.18729943452234374,0.3676811250431288,0.8990327474248333,-0.197478601871609,1.5678282700589796
-1.0,-0.3769552701912209,0.3051581785791,-1.0,-1.0,-0.7556658493479651,0.9480573719793697
-0.1346251974737565,1.0,0.7106607164565754,0.48199801306564044,1.0,0.2879942935421811,-1.1025916692507893
1.0,0.5411587510687954,0.8539904742743214,1.0,-0.019177318624569617,0.4242485519548884,-1.0374247208180118
-0.8655384623625906,-1.0,-0.15644787096411605,-0.4621557903847986,0.5185049655684798,-0.28639961273897024,2.2203968769138935
1.0,0.8988377752984789,1.0,-0.5131481283714987,0.3030657763494954,1.0,-2.409364378598531
-0.5102053697960782,-0.2886507478962422,0.307074106554062,0.691286522404361,0.1935603655699143,-0.02425377943298279,0.7278121376338776
0.1872283856691423,-0.10664602385598926,0.509696933233576,-0.5550248141958452,0.9197500950591363,0.4230977439425945,-0.2997003433554394
-0.15659902741060558,0.5941481238931954,-1.0,0.9749957390375458,-1.0,0.04717706168507885,-1.1148326384444385
0.948333202624168,1.0,1.0,0.3790135176059275,0.7280531538082227,-0.10029462756466323,-4.151001915673262
1.0,1.0,0.5356547791963271,1.0,0.25595587911440326,0.691223273194781,-2.027988383053071
-0.4137744773016255,-0.6343729966342317,0.7531242559145098,-0.3294901521888959,-0.1519600481936374,0.21643234631997188,-0.6675618251432712
0.6806521526656166,1.0,1.0,-0.16913077580714753,-1.0,-0.057412591939479896,-0.4585278231236132
0.47107997737246177,0.26583705714202976,1.0,-0.7255738982257887,0.46077117989919913,0.4384345865797863,-2.5332167269801573
-1.0,-0.10452073248997384,-0.36192039524568,-1.0,-1.0,-0.9772208447922281,0.05054972375599914
0.3139783824987166,-1.0,-1.0,0.4932964528254951,-0.4896780183717553,-0.20630950999757464,-2.2096326144103586
-0.46296458938365204,-0.1693860782681167,-0.9081631917892026,-1.0,0.272907513495391,1.0,5.13472855328213
-0.5807915727714046,-1.0,-0.4427189918348231,-1.0,-0.6947965578260378,0.7205094578431422,-0.3123860167707031
0.4138211764615255,-0.16063269002682318,1.0,0.12503367416141276,-0.7105824759872912,-0.8336584525646618,2.7266467656600804
-0.16437056469973516,1.0,0.2330271661835437,0.36643146816670447,-1.0,-0.4707018121165063,0.2778121155350013
0.572023866284481,0.7768346126784463,0.07462302469515447,-0.37257378307369826,-0.8795278391707815,0.6158136047815939,4.279091294390224
0.2628424381473553,1.0,1.0,0.5740367164862221,0.42584722563563693,0.03511515374301025,-3.7297184492696083
-0.19019436854290328,-0.15449141602339256,-1.0,-1.0,-1.0,-1.0,1.780930625686397
-0.30494565749816205,0.3617983696920495,0.2988052725964002,-0.24164018566376588,0.5025760748570829,-0.5954439380385628,1.091255727148935
-0.4670567619549312,-0.4575192805062018,-0.432060410232568,-0.5994660174405883,-0.13661305519812084,0.12048532511390175,0.13233303301419608
-1.0,-0.009655200379371953,-1.0,-0.48658059354025474,-0.844805683128091,0.23281191066306645,-2.3608738242751897
-0.4916500781916733,-0.8290615484740567,-0.7224201620418822,-1.0,-0.20488129511821945,0.17602136105890753,-1.7380703850628978
-0.057820122612310176,-0.6405103933436977,-0.14015327156671264,0.2997141636550115,-0.8569318881773663,0.6560002584935392,1.2641383230105314
0.779259495519242,-1.0,-0.24649814055535568,0.5468006317511896,-1.0,-1.0,7.822161205497089
0.3031615765377676,-0.24540492417432183,-0.7424174857434022,-0.6429491143419507,-0.5615010117681982,0.6864325845919672,3.0026796720009337
-0.09548482173782946,0.3579042854713355,-0.8109524340731533,-0.21271785595850434,-0.8209940498594189,-1.0,0.731069567456667
0.5666044260646874,0.12510912980584232,1.0,0.03985062127079475,0.7871885056488308,0.9580756269110541,-3.560806121112223
-0.45908608994828515,-0.5030270449887304,-0.9486188165528087,-0.11406822325452781,-0.9868783633494436,-1.0,1.2565244610971895
-0.007105573546741489,0.5199050786264168,0.8199272683972124,0.17041320615808198,1.0,0.9702729620598993,1.4124738150541012
0.38029630231154155,-0.3762686992942394,0.27270254627359825,1.0,-0.30939026757822474,-0.6044268371483779,2.1976155391258794
-0.1771832046886926,-1.0,-0.10559242028794288,0.5145420867586827,0.6421509885051111,-0.8333684652740038,0.7344240220672907
-0.9294375975651972,1.0,0.06715419704282097,-0.023948897574056605,-0.20528350999962724,-0.22922699562046844,-0.9394000262876712
0.7169666013070695,1.0,0.3194850968213869,1.0,0.9534561999872448,0.331759937801276,-3.4343506304615996
-1.0,-1.0,-1.0,-1.0,1.0,0.801423332875159,-5.320100114957661
0.08131065466104115,0.5865521377666081,0.4675223382528899,0.6468166473161148,-0.8886160993838468,0.3446410051872713,-0.04139267664349938
1.0,-0.06284064887118457,0.8965844925627205,1.0,-0.12444176384931169,0.62947497693646,-1.7144619353327983
-0.036104347157411065,-0.8130948604369207,-0.7843775634112833,-0.4887834184669262,-0.5664835488085533,-0.021885735707784404,-1.0827976903387797
-1.0,-1.0,0.10411818439842946,-1.0,1.0,1.0,1.7651227241628753
-0.6353724231062892,-1.0,-0.6509592938922756,0.5729018826048344,-0.20531767605127693,-0.04194451933212462,-3.5729091129073884
-0.7558290620906774,-1.0,-1.0,-0.162053223529816,-0.7537751813864283,0.9082985258479762,0.07217681235624243
-0.15346940808212245,0.675682202309049,-0.3322084839699214,1.0,-0.5138471870113377,0.14115019323628716,0.1903430062840638
1.0,0.1664157058682904,0.403679624968694,1.0,-1.0,-0.6252036979419144,5.023366559245332
0.21544109067222528,1.0,0.18070180827476573,0.90041847001829,-1.0,-0.4728490086496775,2.4909768385875775
0.21115265379453063,-0.6830873657005174,-0.8138031213447976,-0.12292870175355908,0.8891177965664276,0.19523084959832127,-1.4657243081062366
1.0,0.6489955334849908,0.5658428143161198,1.0,1.0,-0.8630550738621829,-0.879383007064915
-0.3800750583257171,0.8273088274100203,-0.12183971052773174,-0.6278607549119118,-1.0,1.0,6.287517004035435
0.10269052364774311,1.0,0.8898142644948079,0.7292653340674891,1.0,1.0,-3.1457782379688415
-0.32331063643504077,-0.22339350738048933,-0.2085038075336758,-0.9981103741169961,1.0,1.0,5.8570881644197845
1.0,0.39553941341845655,1.0,0.1253551095866316,-0.29748991863330176,-0.4250884867037486,2.7211274925209263
-1.0,-0.7421284370735245,-1.0,-0.3154944995500153,1.0,-0.21875577578237193,-2.825199490690052
-0.218122431866848,-0.6190012284666042,0.4072479363446205,-0.17702349459358524,-0.1821099987058883,-0.002563617489158121,0.0006942395520902478
0.6946057486303145,1.0,-0.05407628706778639,0.48042244542662027,0.2593293616979564,-1.0,3.7790777734842744
-1.0,-0.0019346943226539182,-1.0,-0.23224717151494056,-1.0,-0.08299004074304786,-3.3544849423792003
0.4168714736204392,0.986869711102396,0.5379838158865197,0.2356339010286238,-0.028611814848989336,-0.8020441318235778,0.5181881062072398
-1.0,0.19064844499107758,-0.14622033738144266,0.9312069868479552,-0.22746241604068787,-0.14257997746521855,-0.5297559999093872
0.35165348968979354,0.558403705086068,-0.44413814491032766,0.19087012282448285,1.0,1.0,5.498489638938587
-0.48385996780151097,-0.432403882827198,0.05236373342290264,-1.0,-1.0,0.6340585570282853,2.2391452020665805
1.0,1.0,1.0,0.7692951433409978,-1.0,-0.005023007384754807,2.8745013121976113
-0.5785203284479216,0.2606815420429748,0.11793222548124299,-0.2924838255180087,0.6692257207974381,-0.06821360368953433,1.4286857987052872
-0.6469071630533364,-1.0,0.2597721410529661,-0.5679650817734538,-0.4590844457321234,0.618794339774672,-1.8405513845355745
-0.5647742508138889,-0.4244910781572936,-0.7581887353567571,-1.0,-0.047131054871405675,-0.9440918043658211,2.8710799273440477
-0.40855465786884904,-0.008985518420653316,0.23433720762274457,-1.0,0.4676444836759083,0.6304579429999053,-0.5246677318333728
0.04173182515290498,-0.2559996035043458,-0.9899591352883861,0.07686457970701466,-1.0,-1.0,1.385916883838886
0.8279730456122567,0.6561627944254269,0.790854922494364,1.0,0.06997464605863063,1.0,-2.0244743290845406
1.0,1.0,1.0,0.16661005741993354,0.5116132895614462,-1.0,-2.3222154607855976
0.025448433918332986,-0.27332889143245725,0.5580190603203254,-0.1649690309328049,-1.0,-0.7121953620640565,1.8270471314406833
-0.7574456894306991,0.09001298076370996,-0.5122400324025304,0.12709238975206327,-1.0,0.040093263735171414,-2.3485173591153132
0.8261757695331997,0.42226950156016546,0.45364826740999437,0.784810941664913,-0.04353325429883659,-1.0,5.87585850751211
0.6056196346072024,1.0,1.0,0.20439631205790165,0.9302579486785518,0.38411267539554134,-4.066670557851872
-0.2281895573195789,-0.5191454979238309,0.06957272049850229,0.44247607943583,-0.523870632348094,-1.0,2.691786770596714
1.0,1.0,1.0,0.0913565144575732,0.4454142593839222,0.14638316330169598,-3.874826381110924
-1.0,0.07858439551623284,0.7597866100812517,0.9350639183182111,-0.637444360183198,0.006649673148975813,-2.412922426740395
0.867053918057302,1.0,-0.4013386753447153,1.0,-1.0,-0.3386124993220663,7.067459191330302
-0.28165732262121634,0.2582130865306227,-0.5261684701119121,-0.379512848642037,-1.0,-1.0,-0.6727457455671721
-0.7154503208351071,-0.2434177305322594,1.0,-0.79194522967254,-0.5637823601767367,-0.517606911494628,-0.9828350317466573
-0.8009840150405565,-0.6017107221735348,-0.02496652054886017,0.7763911699188696,1.0,-0.5850508142461424,2.6730215559975052
-0.31818637146722994,-1.0,-0.35586974942409555,-0.7938076189701146,-1.0,0.7199096771621526,3.1093934746836633
0.1828797827570915,0.3263434045887582,1.0,-0.6703641030400961,-0.06529192340179057,-1.0,0.9948379278218775
0.013894172741967914,0.35005471344132916,-0.5383717569137164,0.9455074335448235,0.7807717209881948,0.3672892115469253,0.6099883089527233
0.6232542383317574,-0.26993825983286207,0.47703054069760586,-0.801422700837029,0.1700707023597039,1.0,0.8570579690070652
-0.599188922174222,0.03564613884682241,-1.0,-1.0,-0.31721677686495875,-0.4915846944880493,-0.6235600036650741
-0.9834884764258254,0.02208141643861869,-0.342975765161009,0.007100900756461165,-0.7708287570220342,-0.911944214139976,-0.9774761847559634
-0.08138207524616525,-0.44078888215398193,0.23964076550059465,1.0,-0.23335712602354586,-1.0,3.105209581736108
-0.12701007103816397,0.11602822370218346,-1.0,-1.0,0.8969464917596119,0.28379338696699175,-0.20731054919655567
-0.5601156638119553,-1.0,-0.16489804493418447,-0.13586074081919547,0.8160993028825843,0.06690845009441093,0.2462165793647707
0.32394183382991654,-0.06086129983805944,0.38583414480875855,0.09663098214739568,-1.0,0.258021563582875,1.0462967970374366
-0.8397650919755362,0.2507132168004272,-0.9217097471553417,-0.12233074448738751,0.5642165572907323,-0.04149831738378784,-0.26219552685384784
1.0,0.7970336566244074,1.0,0.36536578300648426,-1.0,-0.4824334722745418,4.337142953324973
0.9318314376740484,1.0,1.0,1.0,0.27760455586550137,0.78365913350698,-5.679776193690634
-0.24784591219988072,-0.9773213172565673,-0.5306719514996067,-0.0050913732804067635,-1.0,-0.4737585421925661,-0.42852044437442105
-1.0,-0.38669353091910463,-1.0,0.38101822066748614,-0.3293121009905598,-0.33644479888189543,-0.8366473954621818
1.0,0.9034276527568277,1.0,1.0,0.2747663124256927,1.0,-6.800343533955081
0.044157660065780924,0.2740210178826068,1.0,0.2412491791029337,-0.6734206045150535,-0.017701503009814323,-1.238324035757258
-1.0,-1.0,0.06281710418833525,-0.3399650945594561,-0.07816422659938871,-1.0,4.842562143647022
-1.0,-1.0,-1.0,-0.7236145226247561,-0.10529179782192197,0.42060218666104654,-5.069067560082757
1.0,0.9792424575365781,1.0,1.0,-0.14751358806031828,-0.802273999039536,1.8152203265648394
-0.5226636791698672,0.08991373854281481,0.41767709219022187,-0.9812155071744328,0.38271476867102866,0.10679406031610464,-0.1998922702590752
-0.2612287775644312,-1.0,-1.0,-0.009617248237512366,0.08200490241398684,1.0,4.203417184997516
1.0,1.0,1.0,1.0,-1.0,1.0,1.8524318665256545
-0.017758693399115955,-0.4873280163204344,1.0,-0.8496338886059769,-1.0,-0.4047866133362366,2.0347970486484255
-0.7002221711798933,-1.0,-1.0,-0.9290537408138184,0.6620868569432857,-0.6977732884449197,-2.447406424066581
-0.04319184010759225,-0.8148481697577772,0.0830529636400743,0.22244168299283398,-1.0,0.6818476551715831,1.4556551902162242
-0.5634748190038019,-1.0,-0.5550363362839039,-0.9425154540636207,-0.3798608668749637,0.6908473085330313,-1.843270634984552
-0.3732142918885741,0.5339076453255431,0.9086768010990824,0.44827799583521155,-1.0,1.0,-1.2355480050991772
0.6720536140876747,0.0073622112843607646,-0.16970144910839935,-0.8943894368893122,1.0,-0.6951608826347959,0.7964414667991003
-1.0,0.7478768176603858,0.690113280010174,0.45036114089308765,0.8028187087761328,-0.2541692493196843,-0.15813476144493804
-0.9178959886451106,-0.8080407320279004,-0.1286448228709255,-0.5421556348137064,-0.4696710224639707,-0.013440135584609936,-1.7519889016570334
0.06634060799538742,0.3115128340996096,0.08035880773295007,1.0,-1.0,-1.0,3.849952401814075
-1.0,1.0,0.2964572061059144,1.0,0.352809399880447,-1.0,1.2801843359589924
0.057240192227067666,-1.0,-0.1131191467764151,-0.4295038232419566,0.8799442197194867,1.0,1.5331880936480848
-0.5063421308801102,-1.0,-0.8986984116899895,-1.0,1.0,0.46431387345361763,-3.446658496597914
-1.0,0.23319436700067003,-0.795596820146745,-1.0,-0.8000508563001001,-1.0,1.064173190247796
-1.0,-0.5978735834807027,0.6453724428392729,-1.0,-0.4431247119687316,0.30623084424818314,-2.9854907589281523
-1.0,-1.0,-0.20804631706802573,-0.09126974230508422,-0.7244246420819187,0.008837243039988119,-1.9173493478691435
-1.0,-0.33516128529048084,-1.0,-0.30294444131489295,0.2684264730978917,-0.044290792405145885,-0.5089488559865483
0.9917292504657331,1.0,1.0,0.38531578774527997,1.0,-0.5126230741598525,-4.330805351550706
1.0,1.0,0.8472709092923878,1.0,0.5666603991172132,-0.19512567195462072,-2.8996426259826826
0.5937175547796752,-0.0798988715965063,-1.0,-1.0,1.0,-1.0,-0.49851459040275087
0.02264118949887639,0.461149392804398,-1.0,-1.0,0.5365108218970278,0.4692906535990333,2.2731903589681024
-0.6334826374545471,0.5781825137018963,-0.3828022324599977,0.7029166590831988,1.0,0.06418521528166221,2.388945087831054
0.5351962212166237,0.8597020875672181,1.0,0.7496645811140754,-1.0,0.7572540916180108,-0.6934216889626162
0.5397216954833787,-0.04270491774148921,0.7159954080859143,-0.255297347332739,1.0,0.7743934702189346,-2.644698625149025
-0.5534922253533354,-1.0,-0.0005818229165464039,-0.4853626999696987,-1.0,-1.0,3.33530406896318
-1.0,-0.9614463248137484,-1.0,-0.8469177580732988,-0.9315726534503356,-1.0,3.371216413792084
1.0,0.5629706422299585,0.9458045775659731,1.0,1.0,-0.9205640867800834,-3.292623310830283
-0.06657542210557826,0.9421761813464834,-0.6419732827658583,0.8521528480442191,-0.9339372533532218,-1.0,5.484215951549592
-0.43891335938197407,-0.47542053527938744,-1.0,-0.6127557581779792,-1.0,-1.0,1.484870979709393
-0.20026888157554668,-0.5272029887687708,-0.436383502307526,-1.0,0.25689682140450976,0.13981898529551662,-0.9537339016438569
-0.772713914878708,-0.31105677192336,0.8965072717030205,-0.9918164681753121,-1.0,-0.5461094574318577,0.594200589259376
-0.5632684764848249,0.453060096245835,0.09289895490209527,-1.0,0.4209101579287311,1.0,3.9479182555800585
1.0,0.8327623875172443,0.15102251725525084,-0.2643698657845879,1.0,0.26815640011293884,-0.6502465082581359
-0.9560942303449547,-1.0,-0.23949385957876723,-1.0,-0.35286343335847425,-0.7684283226194009,2.063802618725961
-0.30997767326000036,-0.5795197504509055,-0.82774998840266,-0.7515095977495219,-0.3143708686001191,-1.0,3.8853144762053997
-0.578268715726725,-0.4004722282178469,-0.5881602934967871,-0.8086370246998066,0.8672137025693617,0.7608747061358911,4.0748100586222815
0.1967393199848212,0.5580978509973359,0.5577113061749623,0.38939569372118754,0.569051161758238,-1.0,2.2211468417129057
-1.0,-0.447597298222164,-1.0,0.0658761698510536,-1.0,-0.1419254416618574,-4.811651024173181
0.9023502552646928,1.0,0.47409305460532614,-0.6102865328657054,1.0,0.30966374172319244,-1.1360418621159747
-0.2159931325182607,-0.037652556774619206,-0.7483342386307582,-0.18926609243535086,-0.04853029449616139,-1.0,2.6585355191567714
0.37684004531182635,0.28474185081958314,0.5688774721304002,0.1700144507229627,0.1368473407828436,0.8009250063999771,0.8870741977284406
0.0762526351346633,-0.06929440365556727,0.79146307309132,0.5580821566921516,-0.8801650934978865,0.03391280762487994,-0.39475327030110324
-1.0,0.5235334711217513,-0.9925469490036116,0.5608410604872822,0.23138585319308824,-0.05308977195341258,-0.550092242442167
0.08265909851577413,-0.8894168200011932,0.8925193973505754,0.11974393618254742,1.0,-0.9010059263910315,1.9430239106586444
0.26340180144059633,-0.2555828921140599,-0.14364339883134242,0.7844525110227566,-0.36199572056167195,0.015365827901738904,-0.34587516370405247
-1.0,-0.6734924095136381,-0.10289465724188018,0.6031339174555803,-1.0,-1.0,-0.3530681304165699
-1.0,-0.08968097436108091,1.0,-0.38406949022209214,1.0,-0.27043042396459277,-0.8397889143718178
-1.0,-0.017903289122397914,-1.0,-1.0,-0.9849631414003246,-0.5196139445832231,-0.8096136214199537
1.0,0.2295879710244666,0.5471358504448236,1.0,1.0,0.019454805876565784,-2.6228661189941946
0.04429750323541137,0.10461663027862655,-1.0,-1.0,-0.47044672190560544,-0.5721115191939203,-1.0572313527707649
0.7502373269565624,0.8306039869071333,1.0,0.697526002259108,1.0,0.6606264542119153,-6.016773907894187
-0.013127889831248685,0.25901705587411894,-0.9786317658748347,-1.0,-0.4234679699202879,-0.6963410851471936,-1.2808686811336931
0.5677707859802721,1.0,0.9417240053347833,0.49652280828120254,1.0,0.34282046583285863,-4.920764656806839
-0.4601458842417925,-1.0,-1.0,-0.998917202043559,0.11957315566778873,0.18691232518400958,-5.331291843137581
0.5959020790543996,1.0,0.08000289971821073,0.6103410496637096,-0.09464564050876145,0.2894942843425644,0.32447297142569176
-0.709938629591612,0.230167108454983,-0.08828169482323522,-0.5493835370210778,-0.45044571816681905,-0.4780390895286687,-0.32991097755625687
0.43002000161457044,-0.05409895572422063,-0.2450762597259857,0.9223811757065858,0.8526972688787584,1.0,2.900391443842416
-0.1728817480152982,0.4082706308565458,0.18323710605622456,-0.0919417465655551,-1.0,-1.0,0.6377293805402169
-0.6338082443708729,0.690433668422122,0.9799348163161152,1.0,0.7560128970231601,0.868319117491277,-4.348042857300035
-1.0,-1.0,-0.009640507445040747,-0.543051171674656,0.49147415280661444,0.9194640218274135,1.188325954721568
-0.4860102573953218,0.17581855912508262,-0.9279311850729619,-0.39995546557864836,1.0,1.0,8.68006022819151
-0.9943839349103423,0.5218112352126631,-1.0,-0.8878978269970801,-0.06689845974698305,1.0,8.910738602281853
0.688407281443384,0.5073919340889967,0.0008591290077582525,0.2852501558460836,-0.5838499989281025,-1.0,5.170250831133492
-0.48224979979886806,0.6199844560499004,-0.4416903465123244,-0.7728853873246468,0.6540346674630475,-0.4846367636476907,0.8916618988646379
1.0,0.9999954135966835,0.44778144337305603,1.0,0.43981895925023917,1.0,-1.1707570711241004
0.1261224719349851,1.0,-0.13425883523000393,-1.0,-0.07185545498179281,0.13922820797065172,1.328526234539579
-0.12870373256655876,-1.0,-0.39631792311269964,-1.0,-0.43099814155327776,-1.0,5.154237038062602
1.0,0.9264902662036546,0.3202345375433474,-0.19385250161825285,1.0,1.0,0.827741406109715
0.6798415347974494,-0.7340950298628743,1.0,0.559198019156952,1.0,0.9525127420730806,-3.256654123845948
-0.7478421413802326,-1.0,-1.0,-0.23502951922080362,0.1414072019395769,0.02599750392591238,-4.186325822856323
0.2588267008732784,-1.0,-1.0,0.04580402558724017,-1.0,0.11848878732523127,-1.025816082326239
0.6869776862135126,-0.45578660954616723,0.17962874091575146,-0.6623672363030854,-0.3577617931959963,-0.9285206761058931,5.880282638215512
0.04224452997454187,1.0,-0.16067276235901895,0.4932672517661143,0.12359954007043122,-0.030305373352243592,0.8693043801654834
0.7833510101745239,1.0,0.6599718936787606,0.6222758787226876,0.021663216099958804,1.0,-0.16025368645675842
0.5741208225730321,1.0,0.8714221626165587,0.10565570186121698,0.9416214097792129,0.4968558174102174,-2.5202022605727303
0.9465253736718694,-0.6000207313149802,0.3580865956445747,-1.0,-0.845832116804591,0.02700801000489539,4.8447349330046645
-0.6509806515397811,-1.0,-1.0,-1.0,1.0,1.0,-0.5416230458641423
-0.6052476690561532,-0.532777304702644,-0.22477935994802545,0.5550766361817607,1.0,0.20302195102077092,0.7107133282630265
1.0,0.5863585563174698,1.0,0.1269214619367176,-0.03661273598582013,-0.832932796926092,2.673262379840917
0.18837201351954624,-0.9835493238327301,0.6026213868640016,0.020966022882979884,-0.2777440662249385,-0.03597939466303268,1.7271072814801023
-1.0,-0.08794057923585197,-0.3558617288133177,-0.36501299918483354,-0.23373831279559476,-0.7198745951114649,0.9500246476674292
0.01389769662160567,0.16963341693345968,-1.0,-0.4257832499502747,0.9200891469527095,-0.05862548786841082,-0.5492297216587487
0.6031271510653389,0.8816011092745637,1.0,1.0,-0.5343419246821054,0.3957395736929279,-1.3957875509791313
-1.0,-0.448874652445614,-1.0,-0.989511268819128,1.0,-0.330866021915883,-1.1093990441689796
-0.39050978797237224,-0.8328129051054698,0.7276773744223041,-1.0,0.5340068691444679,1.0,-2.6909164513034343
-1.0,-0.2755872564527083,0.5404171331460081,0.3139906069698838,0.3016931581008758,0.15481126330399936,1.1390686762499427
-0.1914802797196749,0.4743965461822517,0.7519611033212327,-0.11664915345971777,1.0,0.37705273876528267,-1.510693761663899
0.6703552193436411,0.29472751398729846,0.34402922746883025,0.7659337389737034,0.7278217588291134,-0.2736376342951169,-1.0737683594514182
-0.13780982926822316,-0.6631762663264678,-0.5746272757722795,-0.4180438528337109,0.6549542606079792,-0.3315940247451613,0.6698289013521465
0.01649504449707706,1.0,0.6694425314840016,1.0,0.32451588537616094,0.6311796083671158,-2.065264689044212
-0.9756076353890331,-1.0,-0.9540038950808927,-0.18973484926749945,0.06268673143187842,0.123437289974629,-4.165947607018228
-0.9300985027353386,-1.0,-1.0,-0.5002665512521567,-0.4527631194270314,-0.6534168406003191,-1.4547626979449866
0.2896645233503893,0.27873104283196615,-1.0,0.46358680663942053,-0.10067731325296886,-0.05591023058483735,-0.08768516257781322
-0.47425235555131223,-0.4303353275276338,-1.0,0.08508912426982529,-0.9210442225598486,-0.04203487736869513,-3.069959861589073
-1.0,0.004702656217856094,0.4074951374565129,-0.6159372325685258,0.32672885748344327,0.9612929519981791,1.2098489335158797
-1.0,-0.30086436617154133,-1.0,-0.4915660587248806,0.1678432117017853,1.0,6.127962245561828
1.0,-0.3338989615760959,0.5794547430364936,0.43558431499404887,0.8385674323136794,1.0,-2.3963527279789747
1.0,1.0,1.0,1.0,0.11999153838616466,-0.15264665622161033,-2.235297288084306
-0.33051781862127994,-0.5684261717813949,-1.0,0.985901159087572,1.0,0.7669517351257547,3.5797827672109563
-1.0,-1.0,-1.0,-0.1392402908590502,1.0,1.0,3.8691203295202015
-0.48093858672347745,-0.5510126863419829,-0.3078489328546219,-0.1542054147748484,0.7153747683575935,1.0,2.7232694313225316
-1.0,-0.34740614723149843,-1.0,-1.0,-1.0,0.02860570426876407,-1.5086863540435709
0.7622271962390055,-0.31247123184451486,-1.0,-0.1360011068900484,0.32337997143514824,0.049617586828529237,0.2703226076219093
-1.0,-0.8068273951597505,-1.0,-1.0,-1.0,-0.025126355427785796,-1.536718171493572
0.37738050482833047,-1.0,-0.397832919695723,-0.3265488964270138,1.0,0.20652747003479877,-1.7688140141358086
-0.5354987030099809,0.4281713961911123,-1.0,-0.673408691556968,0.24264330617370192,1.0,9.3381401830905
0.8195520567463563,0.07856724923916708,0.748357885473805,0.3672195035502114,0.18905385313608036,0.3595035036790808,-1.1692942917129345
0.2871277928162441,0.14478584117663917,-0.4556138704668126,0.7652127170887983,-1.0,-1.0,2.7247538282441504
0.9471257929605497,1.0,0.8530692414781956,0.09246718240138341,0.3328410331270786,-1.0,0.13974061182001807
-0.3807728622665717,0.7908989373035342,-0.9526677337047877,-0.3749664681237457,0.22405846228274684,0.04749838879723023,1.7251334329706438
0.48823477510073254,-0.09812464933722154,-1.0,0.4506874109143805,0.039171270082045906,1.0,5.74943344286195
0.04622778728170118,0.20258852691062518,-0.46153879541149545,0.0784069018587581,-0.7570471082022603,0.6689503801427318,2.4554645473319177
-0.5941376635520683,-1.0,0.20992665523899257,0.4136830182849527,-0.7971350182488598,-0.04078943528031809,1.1613933491983972
-0.09693540012193935,0.7801533807508114,1.0,0.15190556308436198,0.8397188223240004,0.3260859045205068,-1.24278108484118
-0.11737374607684437,0.332273490182095,0.863301764449308,-0.4930227214557129,1.0,0.3592436430770483,-0.05144324399100675
1.0,0.7983178440869954,0.08741533687110281,1.0,-0.8567734113968559,-0.9585761451806488,10.342828677715076
0.1482986918512208,-0.39706468252599403,-1.0,-1.0,0.6851892392539713,0.972622487421458,2.954305673094372
-0.05860251942486239,-0.34254227508388757,-0.6802578965904146,-0.4439352503502746,0.2106899192139856,0.516675969001861,1.7746438689848238
1.0,1.0,0.595216999051565,0.9444723294920727,-0.11925232563725247,0.24345023638019525,-0.6671104352515442
-0.2964018198716409,0.70673681239781,-0.953890298272799,-0.12558794514191132,0.20501469331798738,-0.16094321905388909,0.8668302792405129
-0.7811798272777366,0.3112364352698907,0.052224047522757305,0.04115821018417248,-0.47717452762490753,1.0,1.1789176995506865
-0.23526552207387202,1.0,-0.6320185367002217,0.0726972075763137,0.5041774018163336,-0.1432799326048837,1.8688036041760216
0.34675421970893505,0.5195252645186077,-0.6903105160899111,0.2781535595497511,0.29412333206964303,1.0,4.6236758627204795
-0.6515348122343465,-0.10943984063629064,-1.0,0.20446840312542314,0.7566265648334048,0.666892708668661,2.84637768026545
-1.0,0.21888724736671683,1.0,-0.9987269359906954,0.5294996177884645,0.9431930692292562,-2.209646538754031
0.7641002358626101,0.5739999685984573,-0.45316147110268157,0.046921005507862046,0.30623111379733237,-0.13228371364716507,-0.37281484116493996
-0.19083188234108084,-1.0,-0.7888376868845128,-1.0,-1.0,0.01650795970444141,2.5486503585691014
1.0,0.5570940863685525,0.5423849834612426,0.9985767628153879,0.5047304183443704,0.8144993789445696,-1.6905412514862006
0.6273632855969895,1.0,1.0,1.0,0.4191189625108598,-0.3207515946092694,-4.408588713640577
-1.0,-1.0,-0.4392768381877956,-0.1451252634144653,0.901666959063384,1.0,2.9815308765329736
-0.9481930871274417,-0.11789066473207255,0.39710946442523304,-1.0,-0.3480962492878833,-0.8965296053554919,1.2192577829250764
-0.05351470890408744,-0.08414096523598169,-0.9058021501733028,-0.06158671805597693,-1.0,0.222377237120312,0.058964664357056384
0.0016287445224205666,1.0,0.28217307872882447,0.8589832036843168,1.0,0.8708780800749973,1.988330529092916
0.8988296151027478,0.26292446651878254,-0.056785424904981896,-0.8042043208872808,-1.0,-1.0,6.544315849984602
-0.3116170284058306,-1.0,-0.593006611642177,-1.0,0.04335677510526559,-1.0,4.325456487632627
1.0,1.0,0.08303324723955074,0.10641646665810822,-0.8045130012399229,0.6536639753721921,4.373917070373886
-0.10652193931372411,-1.0,-0.07660207904594996,-0.2950939284208528,-1.0,-0.45109776128761253,2.674660990380556
-1.0,-0.1255230253303382,-0.018020552243638188,-0.38438077743075083,0.04542846368284814,0.4120126899442573,-0.7059339816300371
0.21200417580904984,-0.4110902872770013,-1.0,-0.20984866151927095,-1.0,-1.0,3.2945333907601917
0.5287100766902062,0.05458114001827996,0.5875153399861311,0.8533687735917196,0.38847536116659703,0.9928557881391499,0.7794504581271031
-1.0,-1.0,-0.19478331393526904,-0.8704921323805563,1.0,0.5697928666191354,0.18440017097546557
-0.2865676971899658,-0.7215826976417505,-0.3841548290896417,-0.44714708835166417,1.0,1.0,3.451271066377115
-1.0,0.03752884989237415,-0.09462567402717847,-1.0,-0.62200779822323,0.928370227280513,0.44650925708882594
-0.20510753940262694,-0.8012638189165056,-1.0,-0.8546755401826236,0.12656356744181302,-1.0,4.12639232660694
0.15634339691452626,0.3801219599860639,0.26156761604929124,0.7707950487410373,-0.34803107493239704,0.29213202948810973,0.5334334760316628
-0.3526831919165332,-1.0,-1.0,-0.9698248837380745,0.018968219345708803,-0.5572776121262916,-2.913519575063775
0.4503493992272729,1.0,1.0,1.0,0.6377368286086426,1.0,-6.047314347913973
-0.9582951747150643,-0.5666413803249681,-1.0,0.11745621930790495,-1.0,-1.0,1.2117443593260488
1.0,0.1755886806116954,0.6951239569164025,0.8479278515936739,0.9026489436782341,0.3545192683171443,-2.4566368433972317
-0.869589992612059,0.288632817701744,-0.8911580921069839,-0.9290421590682403,-1.0,1.0,7.250833774520759
-0.403703975326247,-0.18299279627221865,0.32204044405875676,-0.0442321995827093,-1.0,-1.0,0.9132463006493658
-0.3008066800116161,0.38574678980571364,0.1670212626232676,-0.5099125618181211,0.8956714595531479,1.0,4.300631805594288
0.8480449569938049,-0.37080357746337583,-0.28570759471096396,0.43644595144739684,-1.0,-1.0,5.9118226256908395
0.009902634808777622,1.0,-0.7605497869365321,1.0,1.0,1.0,6.467580535986252
-0.6164370607649707,-0.08763812527285003,0.6963253204225093,-0.8396314777341327,0.4196167589536097,-0.17103277727973032,0.902614443262042
-1.0,-0.04504817457603405,-0.64465761558149,-0.5173439114086129,-0.615624167870347,1.0,3.1243755449033443
1.0,-0.26955353722592396,0.932295640809327,1.0,0.9719095957914532,0.3365419692106415,-6.289469766537471
0.273557873443389,0.46518846958361637,0.003743854017817183,0.28171999389967395,-0.15811450392078852,-0.2822275717851333,-0.47130096255761333
0.3174938351136346,-1.0,0.027277316669458707,0.3886139453362293,-0.018324699139935896,-0.010881513390972763,-1.5124484534428544
1.0,1.0,1.0,1.0,0.03954171506929138,0.4677079224218511,-4.722907219214538
-1.0,0.35502342508215357,-0.0715057624682992,-0.33920137550189966,-1.0,-1.0,-2.5173558077776654
0.8489363146972557,1.0,1.0,0.3740300611572249,-0.572337647226437,-0.22079048835306536,0.42712775103250206
